edge_id,product,target_field,source_kind,source_product,source,occurrence,transform
f00001,ecommerce.cartivo_customer,source_record_id,field,ecommerce.cartivo_customer,cartivo_record_id,steps[2]:schema_transform,schema_transform
f00002,ecommerce.cartivo_customer,source_customer_id,field,ecommerce.cartivo_customer,cartivo_customer_id,steps[2]:schema_transform,schema_transform
f00003,ecommerce.cartivo_customer,as_of_date,field,ecommerce.cartivo_customer,as_of_date,steps[2]:schema_transform,schema_transform
f00004,ecommerce.cartivo_customer,source_system,expression,ecommerce.cartivo_customer,'cartivo',steps[3]:calculated_fields,calculated_fields
f00005,ecommerce.cartivo_customer,normalised_email,field,ecommerce.cartivo_customer,email,steps[3]:calculated_fields,calculated_fields
f00006,ecommerce.cartivo_customer,customer_business_key,field,ecommerce.cartivo_customer,loyalty_id,steps[3]:calculated_fields,calculated_fields
f00007,ecommerce.cartivo_customer,customer_business_key,field,ecommerce.cartivo_customer,email,steps[3]:calculated_fields,calculated_fields
f00008,ecommerce.cartivo_customer,customer_email_domain,rule,ecommerce.cartivo_customer,customer_email_domain_v1@1,steps[3]:calculated_fields,calculated_fields
f00009,ecommerce.cartivo_customer,buyer_segment,expression,ecommerce.cartivo_customer,null,steps[3]:calculated_fields,calculated_fields
f00010,ecommerce.cartivo_product,source_record_id,field,ecommerce.cartivo_product,cartivo_record_id,steps[2]:schema_transform,schema_transform
f00011,ecommerce.cartivo_product,source_product_id,field,ecommerce.cartivo_product,cartivo_product_id,steps[2]:schema_transform,schema_transform
f00012,ecommerce.cartivo_product,product_code,field,ecommerce.cartivo_product,shared_product_code,steps[2]:schema_transform,schema_transform
f00013,ecommerce.cartivo_product,list_price,field,ecommerce.cartivo_product,list_price,steps[2]:schema_transform,schema_transform
f00014,ecommerce.cartivo_product,as_of_date,field,ecommerce.cartivo_product,as_of_date,steps[2]:schema_transform,schema_transform
f00015,ecommerce.cartivo_product,source_system,expression,ecommerce.cartivo_product,'cartivo',steps[3]:calculated_fields,calculated_fields
f00016,ecommerce.mercaro_customer,source_record_id,field,ecommerce.mercaro_customer,mercaro_record_id,steps[2]:schema_transform,schema_transform
f00017,ecommerce.mercaro_customer,source_customer_id,field,ecommerce.mercaro_customer,mercaro_customer_id,steps[2]:schema_transform,schema_transform
f00018,ecommerce.mercaro_customer,as_of_date,field,ecommerce.mercaro_customer,as_of_date,steps[2]:schema_transform,schema_transform
f00019,ecommerce.mercaro_customer,source_system,expression,ecommerce.mercaro_customer,'mercaro',steps[3]:calculated_fields,calculated_fields
f00020,ecommerce.mercaro_customer,normalised_email,field,ecommerce.mercaro_customer,email,steps[3]:calculated_fields,calculated_fields
f00021,ecommerce.mercaro_customer,customer_business_key,field,ecommerce.mercaro_customer,loyalty_id,steps[3]:calculated_fields,calculated_fields
f00022,ecommerce.mercaro_customer,customer_business_key,field,ecommerce.mercaro_customer,email,steps[3]:calculated_fields,calculated_fields
f00023,ecommerce.mercaro_customer,customer_email_domain,rule,ecommerce.mercaro_customer,customer_email_domain_v1@1,steps[3]:calculated_fields,calculated_fields
f00024,ecommerce.mercaro_customer,phone,expression,ecommerce.mercaro_customer,null,steps[3]:calculated_fields,calculated_fields
f00025,ecommerce.mercaro_customer,address_line,expression,ecommerce.mercaro_customer,null,steps[3]:calculated_fields,calculated_fields
f00026,ecommerce.mercaro_customer,postal_code,expression,ecommerce.mercaro_customer,null,steps[3]:calculated_fields,calculated_fields
f00027,ecommerce.mercaro_customer,country,expression,ecommerce.mercaro_customer,null,steps[3]:calculated_fields,calculated_fields
f00028,ecommerce.mercaro_customer,marketing_consent,expression,ecommerce.mercaro_customer,null,steps[3]:calculated_fields,calculated_fields
f00029,ecommerce.mercaro_customer,preferred_channel,expression,ecommerce.mercaro_customer,null,steps[3]:calculated_fields,calculated_fields
f00030,ecommerce.mercaro_product,source_record_id,field,ecommerce.mercaro_product,mercaro_record_id,steps[2]:schema_transform,schema_transform
f00031,ecommerce.mercaro_product,source_product_id,field,ecommerce.mercaro_product,mercaro_product_id,steps[2]:schema_transform,schema_transform
f00032,ecommerce.mercaro_product,product_code,field,ecommerce.mercaro_product,shared_product_code,steps[2]:schema_transform,schema_transform
f00033,ecommerce.mercaro_product,list_price,field,ecommerce.mercaro_product,list_price,steps[2]:schema_transform,schema_transform
f00034,ecommerce.mercaro_product,as_of_date,field,ecommerce.mercaro_product,as_of_date,steps[2]:schema_transform,schema_transform
f00035,ecommerce.mercaro_product,source_system,expression,ecommerce.mercaro_product,'mercaro',steps[3]:calculated_fields,calculated_fields
f00036,ecommerce.relatio_customer,source_record_id,field,ecommerce.relatio_customer,relatio_record_id,steps[2]:schema_transform,schema_transform
f00037,ecommerce.relatio_customer,source_customer_id,field,ecommerce.relatio_customer,relatio_customer_id,steps[2]:schema_transform,schema_transform
f00038,ecommerce.relatio_customer,as_of_date,field,ecommerce.relatio_customer,as_of_date,steps[2]:schema_transform,schema_transform
f00039,ecommerce.relatio_customer,source_system,expression,ecommerce.relatio_customer,'relatio',steps[3]:calculated_fields,calculated_fields
f00040,ecommerce.relatio_customer,normalised_email,field,ecommerce.relatio_customer,email,steps[3]:calculated_fields,calculated_fields
f00041,ecommerce.relatio_customer,customer_business_key,field,ecommerce.relatio_customer,loyalty_id,steps[3]:calculated_fields,calculated_fields
f00042,ecommerce.relatio_customer,customer_business_key,field,ecommerce.relatio_customer,email,steps[3]:calculated_fields,calculated_fields
f00043,ecommerce.relatio_customer,customer_email_domain,rule,ecommerce.relatio_customer,customer_email_domain_v1@1,steps[3]:calculated_fields,calculated_fields
f00044,ecommerce.relatio_customer,marketing_consent,expression,ecommerce.relatio_customer,null,steps[3]:calculated_fields,calculated_fields
f00045,ecommerce.relatio_customer,preferred_channel,expression,ecommerce.relatio_customer,null,steps[3]:calculated_fields,calculated_fields
f00046,ecommerce.relatio_customer,buyer_segment,expression,ecommerce.relatio_customer,null,steps[3]:calculated_fields,calculated_fields
f00047,investment.chrono_cash_flow,source_record_id,field,investment.chrono_cash_flow,event_uid,steps[2]:schema_transform,schema_transform
f00048,investment.chrono_cash_flow,source_fund_id,field,investment.chrono_cash_flow,vehicle_code,steps[2]:schema_transform,schema_transform
f00049,investment.chrono_cash_flow,source_cash_flow_on,field,investment.chrono_cash_flow,event_date,steps[2]:schema_transform,schema_transform
f00050,investment.chrono_cash_flow,source_cash_flow_type,field,investment.chrono_cash_flow,event_kind,steps[2]:schema_transform,schema_transform
f00051,investment.chrono_cash_flow,source_direction,field,investment.chrono_cash_flow,investor_direction,steps[2]:schema_transform,schema_transform
f00052,investment.chrono_cash_flow,source_amount_usd,field,investment.chrono_cash_flow,usd_amount,steps[2]:schema_transform,schema_transform
f00053,investment.chrono_cash_flow,source_currency,field,investment.chrono_cash_flow,currency_code,steps[2]:schema_transform,schema_transform
f00054,investment.chrono_cash_flow,cash_flow_source_system,expression,investment.chrono_cash_flow,'chrono',steps[3]:calculated_fields,calculated_fields
f00055,investment.chrono_fund,source_record_id,field,investment.chrono_fund,chrono_row_uid,steps[2]:schema_transform,schema_transform
f00056,investment.chrono_fund,source_fund_id,field,investment.chrono_fund,chrono_vehicle_code,steps[2]:schema_transform,schema_transform
f00057,investment.chrono_fund,source_name,field,investment.chrono_fund,vehicle_display_name,steps[2]:schema_transform,schema_transform
f00058,investment.chrono_fund,source_family_name,field,investment.chrono_fund,vehicle_group_name,steps[2]:schema_transform,schema_transform
f00059,investment.chrono_fund,source_vehicle_type,field,investment.chrono_fund,vehicle_form,steps[2]:schema_transform,schema_transform
f00060,investment.chrono_fund,source_lei,field,investment.chrono_fund,legal_entity_identifier,steps[2]:schema_transform,schema_transform
f00061,investment.chrono_fund,source_external_id,field,investment.chrono_fund,vendor_crosswalk_id,steps[2]:schema_transform,schema_transform
f00062,investment.chrono_fund,source_gp_id,field,investment.chrono_fund,manager_master_code,steps[2]:schema_transform,schema_transform
f00063,investment.chrono_fund,source_gp_name,field,investment.chrono_fund,manager_name_text,steps[2]:schema_transform,schema_transform
f00064,investment.chrono_fund,source_gp_lei,field,investment.chrono_fund,manager_lei,steps[2]:schema_transform,schema_transform
f00065,investment.chrono_fund,source_asset_class,field,investment.chrono_fund,private_market_bucket,steps[2]:schema_transform,schema_transform
f00066,investment.chrono_fund,source_strategy,field,investment.chrono_fund,investment_style,steps[2]:schema_transform,schema_transform
f00067,investment.chrono_fund,source_vintage_year,field,investment.chrono_fund,launch_year,steps[2]:schema_transform,schema_transform
f00068,investment.chrono_fund,source_committed_capital_usd,field,investment.chrono_fund,commitment_amount_usd,steps[2]:schema_transform,schema_transform
f00069,investment.chrono_fund,source_currency,field,investment.chrono_fund,reporting_ccy,steps[2]:schema_transform,schema_transform
f00070,investment.chrono_fund,source_domicile,field,investment.chrono_fund,domicile_iso2,steps[2]:schema_transform,schema_transform
f00071,investment.chrono_fund,source_status,field,investment.chrono_fund,lifecycle_state,steps[2]:schema_transform,schema_transform
f00072,investment.chrono_fund,source_reported_on,field,investment.chrono_fund,snapshot_date,steps[2]:schema_transform,schema_transform
f00073,investment.chrono_fund,fund_source_system,expression,investment.chrono_fund,'chrono',steps[3]:calculated_fields,calculated_fields
f00074,investment.chrono_fund,fund_identity_key,field,investment.chrono_fund,source_record_id,steps[3]:calculated_fields,calculated_fields
f00075,investment.chrono_fund,fund_normalised_name,rule,investment.chrono_fund,investment_normalised_name_v1@1,steps[3]:calculated_fields,calculated_fields
f00076,investment.chrono_fund,fund_normalised_gp_name,rule,investment.chrono_fund,investment_normalised_gp_name_v1@1,steps[3]:calculated_fields,calculated_fields
f00077,investment.chrono_fund,fund_lei,field,investment.chrono_fund,source_lei,steps[3]:calculated_fields,calculated_fields
f00078,investment.chrono_fund,fund_external_id,field,investment.chrono_fund,source_external_id,steps[3]:calculated_fields,calculated_fields
f00079,investment.chrono_fund,fund_gp_lei,field,investment.chrono_fund,source_gp_lei,steps[3]:calculated_fields,calculated_fields
f00080,investment.chrono_gp,source_record_id,field,investment.chrono_gp,chrono_row_uid,steps[2]:schema_transform,schema_transform
f00081,investment.chrono_gp,source_gp_id,field,investment.chrono_gp,manager_master_code,steps[2]:schema_transform,schema_transform
f00082,investment.chrono_gp,source_name,field,investment.chrono_gp,manager_name_text,steps[2]:schema_transform,schema_transform
f00083,investment.chrono_gp,source_lei,field,investment.chrono_gp,manager_lei,steps[2]:schema_transform,schema_transform
f00084,investment.chrono_gp,source_domicile,field,investment.chrono_gp,domicile_iso2,steps[2]:schema_transform,schema_transform
f00085,investment.chrono_gp,source_reported_on,field,investment.chrono_gp,snapshot_date,steps[2]:schema_transform,schema_transform
f00086,investment.chrono_gp,source_external_id,expression,investment.chrono_gp,null,steps[3]:calculated_fields,calculated_fields
f00087,investment.chrono_gp,source_relationship_start_date,expression,investment.chrono_gp,null,steps[3]:calculated_fields,calculated_fields
f00088,investment.chrono_gp,gp_source_system,expression,investment.chrono_gp,'chrono',steps[3]:calculated_fields,calculated_fields
f00089,investment.chrono_gp,gp_identity_key,field,investment.chrono_gp,source_record_id,steps[3]:calculated_fields,calculated_fields
f00090,investment.chrono_gp,gp_normalised_name,rule,investment.chrono_gp,investment_normalised_name_v1@1,steps[3]:calculated_fields,calculated_fields
f00091,investment.chrono_gp,gp_lei,field,investment.chrono_gp,source_lei,steps[3]:calculated_fields,calculated_fields
f00092,investment.chrono_gp,gp_external_id,expression,investment.chrono_gp,null,steps[3]:calculated_fields,calculated_fields
f00093,investment.chrono_portfolio_company,source_company_id,field,investment.chrono_portfolio_company,asset_uid,steps[2]:schema_transform,schema_transform
f00094,investment.chrono_portfolio_company,source_fund_id,field,investment.chrono_portfolio_company,vehicle_code,steps[2]:schema_transform,schema_transform
f00095,investment.chrono_portfolio_company,source_name,field,investment.chrono_portfolio_company,issuer_name_text,steps[2]:schema_transform,schema_transform
f00096,investment.chrono_portfolio_company,source_lei,field,investment.chrono_portfolio_company,issuer_lei,steps[2]:schema_transform,schema_transform
f00097,investment.chrono_portfolio_company,source_external_id,field,investment.chrono_portfolio_company,vendor_company_id,steps[2]:schema_transform,schema_transform
f00098,investment.chrono_portfolio_company,source_sector,field,investment.chrono_portfolio_company,industry_group,steps[2]:schema_transform,schema_transform
f00099,investment.chrono_portfolio_company,source_sub_sector,field,investment.chrono_portfolio_company,industry_detail,steps[2]:schema_transform,schema_transform
f00100,investment.chrono_portfolio_company,source_country,field,investment.chrono_portfolio_company,country_iso2,steps[2]:schema_transform,schema_transform
f00101,investment.chrono_portfolio_company,source_status,field,investment.chrono_portfolio_company,holding_status,steps[2]:schema_transform,schema_transform
f00102,investment.chrono_portfolio_company,source_reported_on,field,investment.chrono_portfolio_company,first_reported_on,steps[2]:schema_transform,schema_transform
f00103,investment.chrono_portfolio_company,source_record_id,field,investment.chrono_portfolio_company,source_company_id,steps[3]:calculated_fields,calculated_fields
f00104,investment.chrono_portfolio_company,company_source_system,expression,investment.chrono_portfolio_company,'chrono',steps[3]:calculated_fields,calculated_fields
f00105,investment.chrono_portfolio_company,company_identity_key,field,investment.chrono_portfolio_company,source_company_id,steps[3]:calculated_fields,calculated_fields
f00106,investment.chrono_portfolio_company,company_normalised_name,rule,investment.chrono_portfolio_company,investment_normalised_name_v1@1,steps[3]:calculated_fields,calculated_fields
f00107,investment.chrono_portfolio_company,company_lei,field,investment.chrono_portfolio_company,source_lei,steps[3]:calculated_fields,calculated_fields
f00108,investment.chrono_portfolio_company,company_external_id,field,investment.chrono_portfolio_company,source_external_id,steps[3]:calculated_fields,calculated_fields
f00109,investment.chrono_valuation,source_record_id,field,investment.chrono_valuation,mark_uid,steps[2]:schema_transform,schema_transform
f00110,investment.chrono_valuation,source_fund_id,field,investment.chrono_valuation,vehicle_code,steps[2]:schema_transform,schema_transform
f00111,investment.chrono_valuation,source_company_id,field,investment.chrono_valuation,asset_uid,steps[2]:schema_transform,schema_transform
f00112,investment.chrono_valuation,source_valued_on,field,investment.chrono_valuation,mark_date,steps[2]:schema_transform,schema_transform
f00113,investment.chrono_valuation,source_value_usd,field,investment.chrono_valuation,usd_fair_value,steps[2]:schema_transform,schema_transform
f00114,investment.chrono_valuation,source_method,field,investment.chrono_valuation,mark_method,steps[2]:schema_transform,schema_transform
f00115,investment.chrono_valuation,source_valuation_level,field,investment.chrono_valuation,fair_value_bucket,steps[2]:schema_transform,schema_transform
f00116,investment.chrono_valuation,source_confidence_score,field,investment.chrono_valuation,extraction_confidence,steps[2]:schema_transform,schema_transform
f00117,investment.chrono_valuation,valuation_source_system,expression,investment.chrono_valuation,'chrono',steps[3]:calculated_fields,calculated_fields
f00118,investment.deal_decision_current,decision_id,field,investment.deal_decision_current,decision_id,steps[2]:schema_transform,schema_transform
f00119,investment.deal_decision_current,deal_external_identity,field,investment.deal_decision_current,external_deal_id,steps[2]:schema_transform,schema_transform
f00120,investment.deal_decision_current,decision_outcome,field,investment.deal_decision_current,decision,steps[2]:schema_transform,schema_transform
f00121,investment.deal_decision_current,decision_conditions,field,investment.deal_decision_current,conditions,steps[2]:schema_transform,schema_transform
f00122,investment.deal_decision_current,decision_actor,field,investment.deal_decision_current,actor,steps[2]:schema_transform,schema_transform
f00123,investment.deal_decision_current,decision_decided_at,field,investment.deal_decision_current,decided_at,steps[2]:schema_transform,schema_transform
f00124,investment.deal_decision_current,decision_rank,field,investment.deal_decision_current,deal_external_identity,steps[3]:calculated_fields,calculated_fields
f00125,investment.deal_decision_current,decision_rank,field,investment.deal_decision_current,decision_decided_at,steps[3]:calculated_fields,calculated_fields
f00126,investment.deal_decision_current,decision_rank,field,investment.deal_decision_current,decision_id,steps[3]:calculated_fields,calculated_fields
f00127,investment.deal_decision_current,decision_is_final,field,investment.deal_decision_current,decision_outcome,steps[3]:calculated_fields,calculated_fields
f00128,investment.meridex_cash_flow,source_record_id,field,investment.meridex_cash_flow,cash_flow_id,steps[2]:schema_transform,schema_transform
f00129,investment.meridex_cash_flow,source_fund_id,field,investment.meridex_cash_flow,meridex_fund_id,steps[2]:schema_transform,schema_transform
f00130,investment.meridex_cash_flow,source_cash_flow_on,field,investment.meridex_cash_flow,cash_flow_date,steps[2]:schema_transform,schema_transform
f00131,investment.meridex_cash_flow,source_cash_flow_type,field,investment.meridex_cash_flow,cash_flow_type,steps[2]:schema_transform,schema_transform
f00132,investment.meridex_cash_flow,source_direction,field,investment.meridex_cash_flow,direction,steps[2]:schema_transform,schema_transform
f00133,investment.meridex_cash_flow,source_amount_usd,field,investment.meridex_cash_flow,amount_usd,steps[2]:schema_transform,schema_transform
f00134,investment.meridex_cash_flow,source_currency,field,investment.meridex_cash_flow,currency,steps[2]:schema_transform,schema_transform
f00135,investment.meridex_cash_flow,cash_flow_source_system,expression,investment.meridex_cash_flow,'meridex',steps[3]:calculated_fields,calculated_fields
f00136,investment.meridex_fund,source_fund_id,field,investment.meridex_fund,meridex_fund_id,steps[2]:schema_transform,schema_transform
f00137,investment.meridex_fund,source_name,field,investment.meridex_fund,fund_name,steps[2]:schema_transform,schema_transform
f00138,investment.meridex_fund,source_gp_name,field,investment.meridex_fund,gp_name,steps[2]:schema_transform,schema_transform
f00139,investment.meridex_fund,source_gp_lei,field,investment.meridex_fund,gp_lei,steps[2]:schema_transform,schema_transform
f00140,investment.meridex_fund,source_lei,field,investment.meridex_fund,fund_lei,steps[2]:schema_transform,schema_transform
f00141,investment.meridex_fund,source_external_id,field,investment.meridex_fund,shared_external_id,steps[2]:schema_transform,schema_transform
f00142,investment.meridex_fund,source_asset_class,field,investment.meridex_fund,asset_class,steps[2]:schema_transform,schema_transform
f00143,investment.meridex_fund,source_strategy,field,investment.meridex_fund,strategy,steps[2]:schema_transform,schema_transform
f00144,investment.meridex_fund,source_vintage_year,field,investment.meridex_fund,vintage_year,steps[2]:schema_transform,schema_transform
f00145,investment.meridex_fund,source_currency,field,investment.meridex_fund,currency,steps[2]:schema_transform,schema_transform
f00146,investment.meridex_fund,source_domicile,field,investment.meridex_fund,domicile,steps[2]:schema_transform,schema_transform
f00147,investment.meridex_fund,source_record_id,field,investment.meridex_fund,source_fund_id,steps[3]:calculated_fields,calculated_fields
f00148,investment.meridex_fund,source_family_name,expression,investment.meridex_fund,null,steps[3]:calculated_fields,calculated_fields
f00149,investment.meridex_fund,source_vehicle_type,expression,investment.meridex_fund,null,steps[3]:calculated_fields,calculated_fields
f00150,investment.meridex_fund,source_gp_id,expression,investment.meridex_fund,null,steps[3]:calculated_fields,calculated_fields
f00151,investment.meridex_fund,source_committed_capital_usd,expression,investment.meridex_fund,null,steps[3]:calculated_fields,calculated_fields
f00152,investment.meridex_fund,source_status,expression,investment.meridex_fund,null,steps[3]:calculated_fields,calculated_fields
f00153,investment.meridex_fund,source_reported_on,expression,investment.meridex_fund,date '2025-12-31',steps[3]:calculated_fields,calculated_fields
f00154,investment.meridex_fund,fund_source_system,expression,investment.meridex_fund,'meridex',steps[3]:calculated_fields,calculated_fields
f00155,investment.meridex_fund,fund_identity_key,field,investment.meridex_fund,source_fund_id,steps[3]:calculated_fields,calculated_fields
f00156,investment.meridex_fund,fund_normalised_name,rule,investment.meridex_fund,investment_normalised_name_v1@1,steps[3]:calculated_fields,calculated_fields
f00157,investment.meridex_fund,fund_normalised_gp_name,rule,investment.meridex_fund,investment_normalised_gp_name_v1@1,steps[3]:calculated_fields,calculated_fields
f00158,investment.meridex_fund,fund_lei,field,investment.meridex_fund,source_lei,steps[3]:calculated_fields,calculated_fields
f00159,investment.meridex_fund,fund_external_id,field,investment.meridex_fund,source_external_id,steps[3]:calculated_fields,calculated_fields
f00160,investment.meridex_fund,fund_gp_lei,field,investment.meridex_fund,source_gp_lei,steps[3]:calculated_fields,calculated_fields
f00161,investment.meridex_fund_nav,source_record_id,field,investment.meridex_fund_nav,nav_id,steps[2]:schema_transform,schema_transform
f00162,investment.meridex_fund_nav,source_fund_id,field,investment.meridex_fund_nav,meridex_fund_id,steps[2]:schema_transform,schema_transform
f00163,investment.meridex_fund_nav,source_valued_on,field,investment.meridex_fund_nav,nav_date,steps[2]:schema_transform,schema_transform
f00164,investment.meridex_fund_nav,source_nav_usd,field,investment.meridex_fund_nav,nav_usd,steps[2]:schema_transform,schema_transform
f00165,investment.meridex_fund_nav,source_called_capital_usd,field,investment.meridex_fund_nav,called_capital_usd,steps[2]:schema_transform,schema_transform
f00166,investment.meridex_fund_nav,source_distributed_capital_usd,field,investment.meridex_fund_nav,distributed_capital_usd,steps[2]:schema_transform,schema_transform
f00167,investment.meridex_fund_nav,nav_source_system,expression,investment.meridex_fund_nav,'meridex',steps[3]:calculated_fields,calculated_fields
f00168,investment.meridex_gp,source_record_id,field,investment.meridex_gp,meridex_fund_id,steps[2]:schema_transform,schema_transform
f00169,investment.meridex_gp,source_name,field,investment.meridex_gp,gp_name,steps[2]:schema_transform,schema_transform
f00170,investment.meridex_gp,source_lei,field,investment.meridex_gp,gp_lei,steps[2]:schema_transform,schema_transform
f00171,investment.meridex_gp,source_gp_id,expression,investment.meridex_gp,null,steps[3]:calculated_fields,calculated_fields
f00172,investment.meridex_gp,source_external_id,expression,investment.meridex_gp,null,steps[3]:calculated_fields,calculated_fields
f00173,investment.meridex_gp,source_domicile,expression,investment.meridex_gp,null,steps[3]:calculated_fields,calculated_fields
f00174,investment.meridex_gp,source_relationship_start_date,expression,investment.meridex_gp,null,steps[3]:calculated_fields,calculated_fields
f00175,investment.meridex_gp,source_reported_on,expression,investment.meridex_gp,date '2025-12-31',steps[3]:calculated_fields,calculated_fields
f00176,investment.meridex_gp,gp_source_system,expression,investment.meridex_gp,'meridex',steps[3]:calculated_fields,calculated_fields
f00177,investment.meridex_gp,gp_identity_key,field,investment.meridex_gp,source_record_id,steps[3]:calculated_fields,calculated_fields
f00178,investment.meridex_gp,gp_normalised_name,rule,investment.meridex_gp,investment_normalised_name_v1@1,steps[3]:calculated_fields,calculated_fields
f00179,investment.meridex_gp,gp_lei,field,investment.meridex_gp,source_lei,steps[3]:calculated_fields,calculated_fields
f00180,investment.meridex_gp,gp_external_id,expression,investment.meridex_gp,null,steps[3]:calculated_fields,calculated_fields
f00181,investment.meridex_legal_vehicle,source_vehicle_id,field,investment.meridex_legal_vehicle,vehicle_id,steps[2]:schema_transform,schema_transform
f00182,investment.meridex_legal_vehicle,source_fund_id,field,investment.meridex_legal_vehicle,meridex_fund_id,steps[2]:schema_transform,schema_transform
f00183,investment.meridex_legal_vehicle,source_parent_vehicle_id,field,investment.meridex_legal_vehicle,parent_vehicle_id,steps[2]:schema_transform,schema_transform
f00184,investment.meridex_legal_vehicle,source_name,field,investment.meridex_legal_vehicle,vehicle_name,steps[2]:schema_transform,schema_transform
f00185,investment.meridex_legal_vehicle,source_vehicle_type,field,investment.meridex_legal_vehicle,vehicle_type,steps[2]:schema_transform,schema_transform
f00186,investment.meridex_legal_vehicle,source_jurisdiction,field,investment.meridex_legal_vehicle,jurisdiction,steps[2]:schema_transform,schema_transform
f00187,investment.meridex_legal_vehicle,source_incorporation_text,field,investment.meridex_legal_vehicle,incorporation_date,steps[2]:schema_transform,schema_transform
f00188,investment.meridex_legal_vehicle,source_lei,field,investment.meridex_legal_vehicle,vehicle_lei,steps[2]:schema_transform,schema_transform
f00189,investment.meridex_legal_vehicle,source_record_id,field,investment.meridex_legal_vehicle,source_vehicle_id,steps[3]:calculated_fields,calculated_fields
f00190,investment.meridex_legal_vehicle,source_incorporated_on,field,investment.meridex_legal_vehicle,source_incorporation_text,steps[3]:calculated_fields,calculated_fields
f00191,investment.meridex_legal_vehicle,source_reported_on,expression,investment.meridex_legal_vehicle,date '2025-12-31',steps[3]:calculated_fields,calculated_fields
f00192,investment.meridex_legal_vehicle,vehicle_source_system,expression,investment.meridex_legal_vehicle,'meridex',steps[3]:calculated_fields,calculated_fields
f00193,investment.meridex_legal_vehicle,vehicle_identity_key,field,investment.meridex_legal_vehicle,source_vehicle_id,steps[3]:calculated_fields,calculated_fields
f00194,investment.meridex_legal_vehicle,vehicle_normalised_name,rule,investment.meridex_legal_vehicle,investment_normalised_name_v1@1,steps[3]:calculated_fields,calculated_fields
f00195,investment.meridex_legal_vehicle,vehicle_lei,field,investment.meridex_legal_vehicle,source_lei,steps[3]:calculated_fields,calculated_fields
f00196,investment.meridex_portfolio_company,source_company_id,field,investment.meridex_portfolio_company,meridex_company_id,steps[2]:schema_transform,schema_transform
f00197,investment.meridex_portfolio_company,source_fund_id,field,investment.meridex_portfolio_company,meridex_fund_id,steps[2]:schema_transform,schema_transform
f00198,investment.meridex_portfolio_company,source_name,field,investment.meridex_portfolio_company,company_name,steps[2]:schema_transform,schema_transform
f00199,investment.meridex_portfolio_company,source_lei,field,investment.meridex_portfolio_company,company_lei,steps[2]:schema_transform,schema_transform
f00200,investment.meridex_portfolio_company,source_external_id,field,investment.meridex_portfolio_company,shared_external_id,steps[2]:schema_transform,schema_transform
f00201,investment.meridex_portfolio_company,source_sector,field,investment.meridex_portfolio_company,sector,steps[2]:schema_transform,schema_transform
f00202,investment.meridex_portfolio_company,source_country,field,investment.meridex_portfolio_company,country,steps[2]:schema_transform,schema_transform
f00203,investment.meridex_portfolio_company,source_record_id,field,investment.meridex_portfolio_company,source_company_id,steps[3]:calculated_fields,calculated_fields
f00204,investment.meridex_portfolio_company,source_sub_sector,expression,investment.meridex_portfolio_company,null,steps[3]:calculated_fields,calculated_fields
f00205,investment.meridex_portfolio_company,source_status,expression,investment.meridex_portfolio_company,null,steps[3]:calculated_fields,calculated_fields
f00206,investment.meridex_portfolio_company,source_reported_on,expression,investment.meridex_portfolio_company,date '2025-12-31',steps[3]:calculated_fields,calculated_fields
f00207,investment.meridex_portfolio_company,company_source_system,expression,investment.meridex_portfolio_company,'meridex',steps[3]:calculated_fields,calculated_fields
f00208,investment.meridex_portfolio_company,company_identity_key,field,investment.meridex_portfolio_company,source_company_id,steps[3]:calculated_fields,calculated_fields
f00209,investment.meridex_portfolio_company,company_normalised_name,rule,investment.meridex_portfolio_company,investment_normalised_name_v1@1,steps[3]:calculated_fields,calculated_fields
f00210,investment.meridex_portfolio_company,company_lei,field,investment.meridex_portfolio_company,source_lei,steps[3]:calculated_fields,calculated_fields
f00211,investment.meridex_portfolio_company,company_external_id,field,investment.meridex_portfolio_company,source_external_id,steps[3]:calculated_fields,calculated_fields
f00212,investment.origo_deal,source_record_id,field,investment.origo_deal,deal_id,steps[2]:schema_transform,schema_transform
f00213,investment.origo_deal,source_external_deal_id,field,investment.origo_deal,external_deal_id,steps[2]:schema_transform,schema_transform
f00214,investment.origo_deal,source_name,field,investment.origo_deal,deal_name,steps[2]:schema_transform,schema_transform
f00215,investment.origo_deal,source_target_entity_id,field,investment.origo_deal,target_entity_id,steps[2]:schema_transform,schema_transform
f00216,investment.origo_deal,source_strategy,field,investment.origo_deal,strategy,steps[2]:schema_transform,schema_transform
f00217,investment.origo_deal,source_originating_team,field,investment.origo_deal,originating_team,steps[2]:schema_transform,schema_transform
f00218,investment.origo_deal,source_channel,field,investment.origo_deal,source_channel,steps[2]:schema_transform,schema_transform
f00219,investment.origo_deal,source_sourced_on,field,investment.origo_deal,sourced_date,steps[2]:schema_transform,schema_transform
f00220,investment.origo_deal,source_structure,field,investment.origo_deal,structure,steps[2]:schema_transform,schema_transform
f00221,investment.origo_deal,source_converted_record_type,field,investment.origo_deal,converted_record_type,steps[2]:schema_transform,schema_transform
f00222,investment.origo_deal,source_converted_record_id,field,investment.origo_deal,converted_record_id,steps[2]:schema_transform,schema_transform
f00223,investment.origo_deal,deal_source_system,expression,investment.origo_deal,'origo',steps[3]:calculated_fields,calculated_fields
f00224,investment.origo_deal,deal_identity_key,field,investment.origo_deal,source_record_id,steps[3]:calculated_fields,calculated_fields
f00225,investment.origo_deal,deal_normalised_name,rule,investment.origo_deal,investment_normalised_name_v1@1,steps[3]:calculated_fields,calculated_fields
f00226,investment.origo_deal,deal_external_id,field,investment.origo_deal,source_external_deal_id,steps[3]:calculated_fields,calculated_fields
f00227,investment.portiq_cash_flow,source_record_id,field,investment.portiq_cash_flow,cash_flow_id,steps[2]:schema_transform,schema_transform
f00228,investment.portiq_cash_flow,source_fund_id,field,investment.portiq_cash_flow,portiq_fund_id,steps[2]:schema_transform,schema_transform
f00229,investment.portiq_cash_flow,source_cash_flow_on,field,investment.portiq_cash_flow,cash_flow_date,steps[2]:schema_transform,schema_transform
f00230,investment.portiq_cash_flow,source_cash_flow_type,field,investment.portiq_cash_flow,cash_flow_type,steps[2]:schema_transform,schema_transform
f00231,investment.portiq_cash_flow,source_direction,field,investment.portiq_cash_flow,direction,steps[2]:schema_transform,schema_transform
f00232,investment.portiq_cash_flow,source_amount_usd,field,investment.portiq_cash_flow,amount_usd,steps[2]:schema_transform,schema_transform
f00233,investment.portiq_cash_flow,source_currency,field,investment.portiq_cash_flow,currency,steps[2]:schema_transform,schema_transform
f00234,investment.portiq_cash_flow,cash_flow_source_system,expression,investment.portiq_cash_flow,'portiq',steps[3]:calculated_fields,calculated_fields
f00235,investment.portiq_fund,source_fund_id,field,investment.portiq_fund,portiq_fund_id,steps[2]:schema_transform,schema_transform
f00236,investment.portiq_fund,source_name,field,investment.portiq_fund,fund_name,steps[2]:schema_transform,schema_transform
f00237,investment.portiq_fund,source_gp_name,field,investment.portiq_fund,gp_name,steps[2]:schema_transform,schema_transform
f00238,investment.portiq_fund,source_gp_lei,field,investment.portiq_fund,gp_lei,steps[2]:schema_transform,schema_transform
f00239,investment.portiq_fund,source_lei,field,investment.portiq_fund,fund_lei,steps[2]:schema_transform,schema_transform
f00240,investment.portiq_fund,source_external_id,field,investment.portiq_fund,shared_external_id,steps[2]:schema_transform,schema_transform
f00241,investment.portiq_fund,source_asset_class,field,investment.portiq_fund,asset_class,steps[2]:schema_transform,schema_transform
f00242,investment.portiq_fund,source_strategy,field,investment.portiq_fund,strategy,steps[2]:schema_transform,schema_transform
f00243,investment.portiq_fund,source_vintage_year,field,investment.portiq_fund,vintage_year,steps[2]:schema_transform,schema_transform
f00244,investment.portiq_fund,source_currency,field,investment.portiq_fund,currency,steps[2]:schema_transform,schema_transform
f00245,investment.portiq_fund,source_record_id,field,investment.portiq_fund,source_fund_id,steps[3]:calculated_fields,calculated_fields
f00246,investment.portiq_fund,source_family_name,expression,investment.portiq_fund,null,steps[3]:calculated_fields,calculated_fields
f00247,investment.portiq_fund,source_vehicle_type,expression,investment.portiq_fund,null,steps[3]:calculated_fields,calculated_fields
f00248,investment.portiq_fund,source_gp_id,expression,investment.portiq_fund,null,steps[3]:calculated_fields,calculated_fields
f00249,investment.portiq_fund,source_committed_capital_usd,expression,investment.portiq_fund,null,steps[3]:calculated_fields,calculated_fields
f00250,investment.portiq_fund,source_domicile,expression,investment.portiq_fund,null,steps[3]:calculated_fields,calculated_fields
f00251,investment.portiq_fund,source_status,expression,investment.portiq_fund,null,steps[3]:calculated_fields,calculated_fields
f00252,investment.portiq_fund,source_reported_on,expression,investment.portiq_fund,date '2025-12-31',steps[3]:calculated_fields,calculated_fields
f00253,investment.portiq_fund,fund_source_system,expression,investment.portiq_fund,'portiq',steps[3]:calculated_fields,calculated_fields
f00254,investment.portiq_fund,fund_identity_key,field,investment.portiq_fund,source_fund_id,steps[3]:calculated_fields,calculated_fields
f00255,investment.portiq_fund,fund_normalised_name,rule,investment.portiq_fund,investment_normalised_name_v1@1,steps[3]:calculated_fields,calculated_fields
f00256,investment.portiq_fund,fund_normalised_gp_name,rule,investment.portiq_fund,investment_normalised_gp_name_v1@1,steps[3]:calculated_fields,calculated_fields
f00257,investment.portiq_fund,fund_lei,field,investment.portiq_fund,source_lei,steps[3]:calculated_fields,calculated_fields
f00258,investment.portiq_fund,fund_external_id,field,investment.portiq_fund,source_external_id,steps[3]:calculated_fields,calculated_fields
f00259,investment.portiq_fund,fund_gp_lei,field,investment.portiq_fund,source_gp_lei,steps[3]:calculated_fields,calculated_fields
f00260,investment.portiq_gp,source_record_id,field,investment.portiq_gp,portiq_fund_id,steps[2]:schema_transform,schema_transform
f00261,investment.portiq_gp,source_name,field,investment.portiq_gp,gp_name,steps[2]:schema_transform,schema_transform
f00262,investment.portiq_gp,source_lei,field,investment.portiq_gp,gp_lei,steps[2]:schema_transform,schema_transform
f00263,investment.portiq_gp,source_gp_id,expression,investment.portiq_gp,null,steps[3]:calculated_fields,calculated_fields
f00264,investment.portiq_gp,source_external_id,expression,investment.portiq_gp,null,steps[3]:calculated_fields,calculated_fields
f00265,investment.portiq_gp,source_domicile,expression,investment.portiq_gp,null,steps[3]:calculated_fields,calculated_fields
f00266,investment.portiq_gp,source_relationship_start_date,expression,investment.portiq_gp,null,steps[3]:calculated_fields,calculated_fields
f00267,investment.portiq_gp,source_reported_on,expression,investment.portiq_gp,date '2025-12-31',steps[3]:calculated_fields,calculated_fields
f00268,investment.portiq_gp,gp_source_system,expression,investment.portiq_gp,'portiq',steps[3]:calculated_fields,calculated_fields
f00269,investment.portiq_gp,gp_identity_key,field,investment.portiq_gp,source_record_id,steps[3]:calculated_fields,calculated_fields
f00270,investment.portiq_gp,gp_normalised_name,rule,investment.portiq_gp,investment_normalised_name_v1@1,steps[3]:calculated_fields,calculated_fields
f00271,investment.portiq_gp,gp_lei,field,investment.portiq_gp,source_lei,steps[3]:calculated_fields,calculated_fields
f00272,investment.portiq_gp,gp_external_id,expression,investment.portiq_gp,null,steps[3]:calculated_fields,calculated_fields
f00273,investment.portiq_portfolio_company,source_company_id,field,investment.portiq_portfolio_company,portiq_company_id,steps[2]:schema_transform,schema_transform
f00274,investment.portiq_portfolio_company,source_fund_id,field,investment.portiq_portfolio_company,portiq_fund_id,steps[2]:schema_transform,schema_transform
f00275,investment.portiq_portfolio_company,source_name,field,investment.portiq_portfolio_company,company_name,steps[2]:schema_transform,schema_transform
f00276,investment.portiq_portfolio_company,source_lei,field,investment.portiq_portfolio_company,company_lei,steps[2]:schema_transform,schema_transform
f00277,investment.portiq_portfolio_company,source_external_id,field,investment.portiq_portfolio_company,shared_external_id,steps[2]:schema_transform,schema_transform
f00278,investment.portiq_portfolio_company,source_sector,field,investment.portiq_portfolio_company,sector,steps[2]:schema_transform,schema_transform
f00279,investment.portiq_portfolio_company,source_country,field,investment.portiq_portfolio_company,country,steps[2]:schema_transform,schema_transform
f00280,investment.portiq_portfolio_company,source_record_id,field,investment.portiq_portfolio_company,source_company_id,steps[3]:calculated_fields,calculated_fields
f00281,investment.portiq_portfolio_company,source_sub_sector,expression,investment.portiq_portfolio_company,null,steps[3]:calculated_fields,calculated_fields
f00282,investment.portiq_portfolio_company,source_status,expression,investment.portiq_portfolio_company,null,steps[3]:calculated_fields,calculated_fields
f00283,investment.portiq_portfolio_company,source_reported_on,expression,investment.portiq_portfolio_company,date '2025-12-31',steps[3]:calculated_fields,calculated_fields
f00284,investment.portiq_portfolio_company,company_source_system,expression,investment.portiq_portfolio_company,'portiq',steps[3]:calculated_fields,calculated_fields
f00285,investment.portiq_portfolio_company,company_identity_key,field,investment.portiq_portfolio_company,source_company_id,steps[3]:calculated_fields,calculated_fields
f00286,investment.portiq_portfolio_company,company_normalised_name,rule,investment.portiq_portfolio_company,investment_normalised_name_v1@1,steps[3]:calculated_fields,calculated_fields
f00287,investment.portiq_portfolio_company,company_lei,field,investment.portiq_portfolio_company,source_lei,steps[3]:calculated_fields,calculated_fields
f00288,investment.portiq_portfolio_company,company_external_id,field,investment.portiq_portfolio_company,source_external_id,steps[3]:calculated_fields,calculated_fields
f00289,investment.vantora_cash_flow,source_record_id,field,investment.vantora_cash_flow,cash_flow_id,steps[2]:schema_transform,schema_transform
f00290,investment.vantora_cash_flow,source_fund_id,field,investment.vantora_cash_flow,vantora_fund_id,steps[2]:schema_transform,schema_transform
f00291,investment.vantora_cash_flow,source_cash_flow_on,field,investment.vantora_cash_flow,cash_flow_date,steps[2]:schema_transform,schema_transform
f00292,investment.vantora_cash_flow,source_cash_flow_type,field,investment.vantora_cash_flow,cash_flow_type,steps[2]:schema_transform,schema_transform
f00293,investment.vantora_cash_flow,source_direction,field,investment.vantora_cash_flow,direction,steps[2]:schema_transform,schema_transform
f00294,investment.vantora_cash_flow,source_amount_usd,field,investment.vantora_cash_flow,amount_usd,steps[2]:schema_transform,schema_transform
f00295,investment.vantora_cash_flow,source_currency,field,investment.vantora_cash_flow,currency,steps[2]:schema_transform,schema_transform
f00296,investment.vantora_cash_flow,cash_flow_source_system,expression,investment.vantora_cash_flow,'vantora',steps[3]:calculated_fields,calculated_fields
f00297,investment.vantora_fund,source_record_id,field,investment.vantora_fund,vantora_record_id,steps[2]:schema_transform,schema_transform
f00298,investment.vantora_fund,source_fund_id,field,investment.vantora_fund,vantora_fund_id,steps[2]:schema_transform,schema_transform
f00299,investment.vantora_fund,source_name,field,investment.vantora_fund,fund_name,steps[2]:schema_transform,schema_transform
f00300,investment.vantora_fund,source_family_name,field,investment.vantora_fund,fund_family_name,steps[2]:schema_transform,schema_transform
f00301,investment.vantora_fund,source_vehicle_type,field,investment.vantora_fund,vehicle_type,steps[2]:schema_transform,schema_transform
f00302,investment.vantora_fund,source_lei,field,investment.vantora_fund,fund_lei,steps[2]:schema_transform,schema_transform
f00303,investment.vantora_fund,source_external_id,field,investment.vantora_fund,shared_external_id,steps[2]:schema_transform,schema_transform
f00304,investment.vantora_fund,source_gp_id,field,investment.vantora_fund,gp_source_id,steps[2]:schema_transform,schema_transform
f00305,investment.vantora_fund,source_gp_name,field,investment.vantora_fund,gp_name,steps[2]:schema_transform,schema_transform
f00306,investment.vantora_fund,source_asset_class,field,investment.vantora_fund,asset_class,steps[2]:schema_transform,schema_transform
f00307,investment.vantora_fund,source_strategy,field,investment.vantora_fund,strategy,steps[2]:schema_transform,schema_transform
f00308,investment.vantora_fund,source_vintage_year,field,investment.vantora_fund,vintage_year,steps[2]:schema_transform,schema_transform
f00309,investment.vantora_fund,source_committed_capital_usd,field,investment.vantora_fund,committed_capital_usd,steps[2]:schema_transform,schema_transform
f00310,investment.vantora_fund,source_currency,field,investment.vantora_fund,currency,steps[2]:schema_transform,schema_transform
f00311,investment.vantora_fund,source_domicile,field,investment.vantora_fund,domicile,steps[2]:schema_transform,schema_transform
f00312,investment.vantora_fund,source_status,field,investment.vantora_fund,fund_status,steps[2]:schema_transform,schema_transform
f00313,investment.vantora_fund,source_reported_on,field,investment.vantora_fund,as_of_date,steps[2]:schema_transform,schema_transform
f00314,investment.vantora_fund,source_gp_lei,expression,investment.vantora_fund,null,steps[3]:calculated_fields,calculated_fields
f00315,investment.vantora_fund,fund_source_system,expression,investment.vantora_fund,'vantora',steps[3]:calculated_fields,calculated_fields
f00316,investment.vantora_fund,fund_identity_key,field,investment.vantora_fund,source_record_id,steps[3]:calculated_fields,calculated_fields
f00317,investment.vantora_fund,fund_normalised_name,rule,investment.vantora_fund,investment_normalised_name_v1@1,steps[3]:calculated_fields,calculated_fields
f00318,investment.vantora_fund,fund_normalised_gp_name,rule,investment.vantora_fund,investment_normalised_gp_name_v1@1,steps[3]:calculated_fields,calculated_fields
f00319,investment.vantora_fund,fund_lei,field,investment.vantora_fund,source_lei,steps[3]:calculated_fields,calculated_fields
f00320,investment.vantora_fund,fund_external_id,field,investment.vantora_fund,source_external_id,steps[3]:calculated_fields,calculated_fields
f00321,investment.vantora_fund,fund_gp_lei,field,investment.vantora_fund,source_gp_lei,steps[3]:calculated_fields,calculated_fields
f00322,investment.vantora_gp,source_gp_id,field,investment.vantora_gp,vantora_gp_id,steps[2]:schema_transform,schema_transform
f00323,investment.vantora_gp,source_name,field,investment.vantora_gp,gp_name,steps[2]:schema_transform,schema_transform
f00324,investment.vantora_gp,source_lei,field,investment.vantora_gp,gp_lei,steps[2]:schema_transform,schema_transform
f00325,investment.vantora_gp,source_external_id,field,investment.vantora_gp,shared_external_id,steps[2]:schema_transform,schema_transform
f00326,investment.vantora_gp,source_domicile,field,investment.vantora_gp,domicile,steps[2]:schema_transform,schema_transform
f00327,investment.vantora_gp,source_relationship_start_date,field,investment.vantora_gp,relationship_start_date,steps[2]:schema_transform,schema_transform
f00328,investment.vantora_gp,source_record_id,field,investment.vantora_gp,source_gp_id,steps[3]:calculated_fields,calculated_fields
f00329,investment.vantora_gp,source_reported_on,expression,investment.vantora_gp,date '2025-12-31',steps[3]:calculated_fields,calculated_fields
f00330,investment.vantora_gp,gp_source_system,expression,investment.vantora_gp,'vantora',steps[3]:calculated_fields,calculated_fields
f00331,investment.vantora_gp,gp_identity_key,field,investment.vantora_gp,source_gp_id,steps[3]:calculated_fields,calculated_fields
f00332,investment.vantora_gp,gp_normalised_name,rule,investment.vantora_gp,investment_normalised_name_v1@1,steps[3]:calculated_fields,calculated_fields
f00333,investment.vantora_gp,gp_lei,field,investment.vantora_gp,source_lei,steps[3]:calculated_fields,calculated_fields
f00334,investment.vantora_gp,gp_external_id,field,investment.vantora_gp,source_external_id,steps[3]:calculated_fields,calculated_fields
f00335,investment.vantora_gp_succession,source_record_id,field,investment.vantora_gp_succession,succession_event_id,steps[2]:schema_transform,schema_transform
f00336,investment.vantora_gp_succession,source_predecessor_gp_id,field,investment.vantora_gp_succession,predecessor_gp_id,steps[2]:schema_transform,schema_transform
f00337,investment.vantora_gp_succession,source_successor_gp_id,field,investment.vantora_gp_succession,successor_gp_id,steps[2]:schema_transform,schema_transform
f00338,investment.vantora_gp_succession,source_event_type,field,investment.vantora_gp_succession,event_type,steps[2]:schema_transform,schema_transform
f00339,investment.vantora_gp_succession,source_effective_on,field,investment.vantora_gp_succession,effective_date,steps[2]:schema_transform,schema_transform
f00340,investment.vantora_gp_succession,succession_source_system,expression,investment.vantora_gp_succession,'vantora',steps[3]:calculated_fields,calculated_fields
f00341,investment.vantora_legal_vehicle,source_vehicle_id,field,investment.vantora_legal_vehicle,vehicle_id,steps[2]:schema_transform,schema_transform
f00342,investment.vantora_legal_vehicle,source_fund_id,field,investment.vantora_legal_vehicle,vantora_fund_id,steps[2]:schema_transform,schema_transform
f00343,investment.vantora_legal_vehicle,source_parent_vehicle_id,field,investment.vantora_legal_vehicle,parent_vehicle_id,steps[2]:schema_transform,schema_transform
f00344,investment.vantora_legal_vehicle,source_name,field,investment.vantora_legal_vehicle,vehicle_name,steps[2]:schema_transform,schema_transform
f00345,investment.vantora_legal_vehicle,source_vehicle_type,field,investment.vantora_legal_vehicle,vehicle_type,steps[2]:schema_transform,schema_transform
f00346,investment.vantora_legal_vehicle,source_jurisdiction,field,investment.vantora_legal_vehicle,jurisdiction,steps[2]:schema_transform,schema_transform
f00347,investment.vantora_legal_vehicle,source_incorporation_text,field,investment.vantora_legal_vehicle,incorporation_date,steps[2]:schema_transform,schema_transform
f00348,investment.vantora_legal_vehicle,source_lei,field,investment.vantora_legal_vehicle,vehicle_lei,steps[2]:schema_transform,schema_transform
f00349,investment.vantora_legal_vehicle,source_record_id,field,investment.vantora_legal_vehicle,source_vehicle_id,steps[3]:calculated_fields,calculated_fields
f00350,investment.vantora_legal_vehicle,source_incorporated_on,field,investment.vantora_legal_vehicle,source_incorporation_text,steps[3]:calculated_fields,calculated_fields
f00351,investment.vantora_legal_vehicle,source_reported_on,expression,investment.vantora_legal_vehicle,date '2025-12-31',steps[3]:calculated_fields,calculated_fields
f00352,investment.vantora_legal_vehicle,vehicle_source_system,expression,investment.vantora_legal_vehicle,'vantora',steps[3]:calculated_fields,calculated_fields
f00353,investment.vantora_legal_vehicle,vehicle_identity_key,field,investment.vantora_legal_vehicle,source_vehicle_id,steps[3]:calculated_fields,calculated_fields
f00354,investment.vantora_legal_vehicle,vehicle_normalised_name,rule,investment.vantora_legal_vehicle,investment_normalised_name_v1@1,steps[3]:calculated_fields,calculated_fields
f00355,investment.vantora_legal_vehicle,vehicle_lei,field,investment.vantora_legal_vehicle,source_lei,steps[3]:calculated_fields,calculated_fields
f00356,investment.vantora_portfolio_company,source_company_id,field,investment.vantora_portfolio_company,vantora_company_id,steps[2]:schema_transform,schema_transform
f00357,investment.vantora_portfolio_company,source_fund_id,field,investment.vantora_portfolio_company,vantora_fund_id,steps[2]:schema_transform,schema_transform
f00358,investment.vantora_portfolio_company,source_name,field,investment.vantora_portfolio_company,company_name,steps[2]:schema_transform,schema_transform
f00359,investment.vantora_portfolio_company,source_lei,field,investment.vantora_portfolio_company,company_lei,steps[2]:schema_transform,schema_transform
f00360,investment.vantora_portfolio_company,source_external_id,field,investment.vantora_portfolio_company,shared_external_id,steps[2]:schema_transform,schema_transform
f00361,investment.vantora_portfolio_company,source_sector,field,investment.vantora_portfolio_company,sector,steps[2]:schema_transform,schema_transform
f00362,investment.vantora_portfolio_company,source_sub_sector,field,investment.vantora_portfolio_company,sub_sector,steps[2]:schema_transform,schema_transform
f00363,investment.vantora_portfolio_company,source_country,field,investment.vantora_portfolio_company,country,steps[2]:schema_transform,schema_transform
f00364,investment.vantora_portfolio_company,source_status,field,investment.vantora_portfolio_company,status,steps[2]:schema_transform,schema_transform
f00365,investment.vantora_portfolio_company,source_reported_on,field,investment.vantora_portfolio_company,first_seen_at,steps[2]:schema_transform,schema_transform
f00366,investment.vantora_portfolio_company,source_record_id,field,investment.vantora_portfolio_company,source_company_id,steps[3]:calculated_fields,calculated_fields
f00367,investment.vantora_portfolio_company,company_source_system,expression,investment.vantora_portfolio_company,'vantora',steps[3]:calculated_fields,calculated_fields
f00368,investment.vantora_portfolio_company,company_identity_key,field,investment.vantora_portfolio_company,source_company_id,steps[3]:calculated_fields,calculated_fields
f00369,investment.vantora_portfolio_company,company_normalised_name,rule,investment.vantora_portfolio_company,investment_normalised_name_v1@1,steps[3]:calculated_fields,calculated_fields
f00370,investment.vantora_portfolio_company,company_lei,field,investment.vantora_portfolio_company,source_lei,steps[3]:calculated_fields,calculated_fields
f00371,investment.vantora_portfolio_company,company_external_id,field,investment.vantora_portfolio_company,source_external_id,steps[3]:calculated_fields,calculated_fields
f00372,investment.vantora_valuation,source_record_id,field,investment.vantora_valuation,valuation_id,steps[2]:schema_transform,schema_transform
f00373,investment.vantora_valuation,source_fund_id,field,investment.vantora_valuation,vantora_fund_id,steps[2]:schema_transform,schema_transform
f00374,investment.vantora_valuation,source_company_id,field,investment.vantora_valuation,vantora_company_id,steps[2]:schema_transform,schema_transform
f00375,investment.vantora_valuation,source_valued_on,field,investment.vantora_valuation,valuation_date,steps[2]:schema_transform,schema_transform
f00376,investment.vantora_valuation,source_value_usd,field,investment.vantora_valuation,value_usd,steps[2]:schema_transform,schema_transform
f00377,investment.vantora_valuation,source_method,field,investment.vantora_valuation,method,steps[2]:schema_transform,schema_transform
f00378,investment.vantora_valuation,source_valuation_level,field,investment.vantora_valuation,valuation_level,steps[2]:schema_transform,schema_transform
f00379,investment.vantora_valuation,source_confidence_score,field,investment.vantora_valuation,confidence_score,steps[2]:schema_transform,schema_transform
f00380,investment.vantora_valuation,valuation_source_system,expression,investment.vantora_valuation,'vantora',steps[3]:calculated_fields,calculated_fields
f00381,investment.vantora_vehicle_cash_flow,source_record_id,field,investment.vantora_vehicle_cash_flow,vehicle_cash_flow_id,steps[2]:schema_transform,schema_transform
f00382,investment.vantora_vehicle_cash_flow,source_vehicle_id,field,investment.vantora_vehicle_cash_flow,vehicle_id,steps[2]:schema_transform,schema_transform
f00383,investment.vantora_vehicle_cash_flow,source_cash_flow_on,field,investment.vantora_vehicle_cash_flow,cash_flow_date,steps[2]:schema_transform,schema_transform
f00384,investment.vantora_vehicle_cash_flow,source_cash_flow_type,field,investment.vantora_vehicle_cash_flow,cash_flow_type,steps[2]:schema_transform,schema_transform
f00385,investment.vantora_vehicle_cash_flow,source_direction,field,investment.vantora_vehicle_cash_flow,direction,steps[2]:schema_transform,schema_transform
f00386,investment.vantora_vehicle_cash_flow,source_amount_usd,field,investment.vantora_vehicle_cash_flow,amount_usd,steps[2]:schema_transform,schema_transform
f00387,investment.vantora_vehicle_cash_flow,source_currency,field,investment.vantora_vehicle_cash_flow,currency,steps[2]:schema_transform,schema_transform
f00388,investment.vantora_vehicle_cash_flow,vehicle_cash_flow_source_system,expression,investment.vantora_vehicle_cash_flow,'vantora',steps[3]:calculated_fields,calculated_fields
f00389,reference.benchmark_index,benchmark_id,field,reference.benchmark_index,benchmark_id,steps[2]:schema_transform,schema_transform
f00390,reference.benchmark_index,benchmark_name,field,reference.benchmark_index,benchmark_name,steps[2]:schema_transform,schema_transform
f00391,reference.benchmark_index,benchmark_on,field,reference.benchmark_index,index_date,steps[2]:schema_transform,schema_transform
f00392,reference.benchmark_index,benchmark_index_value,field,reference.benchmark_index,index_value,steps[2]:schema_transform,schema_transform
f00393,reference.benchmark_index,benchmark_currency,field,reference.benchmark_index,currency,steps[2]:schema_transform,schema_transform
f00394,reference.benchmark_index,benchmark_label,field,reference.benchmark_index,benchmark_id,steps[3]:calculated_fields,calculated_fields
f00395,reference.benchmark_index,benchmark_label,field,reference.benchmark_index,benchmark_currency,steps[3]:calculated_fields,calculated_fields
f00396,reference.customer_identity,identity_source_system,field,reference.customer_identity,source_system,steps[2]:schema_transform,schema_transform
f00397,reference.customer_identity,identity_source_record_id,field,reference.customer_identity,source_record_id,steps[2]:schema_transform,schema_transform
f00398,reference.customer_identity,customer_external_id,field,reference.customer_identity,true_customer_external_id,steps[2]:schema_transform,schema_transform
f00399,reference.customer_identity,customer_identity_note,field,reference.customer_identity,overlap_note,steps[2]:schema_transform,schema_transform
f00400,reference.customer_identity,customer_identity_key,field,reference.customer_identity,identity_source_system,steps[3]:calculated_fields,calculated_fields
f00401,reference.customer_identity,customer_identity_key,field,reference.customer_identity,identity_source_record_id,steps[3]:calculated_fields,calculated_fields
f00402,reference.customer_segment,segment_name,field,reference.customer_segment,segment,steps[2]:schema_transform,schema_transform
f00403,reference.customer_segment,segment_effective_from,field,reference.customer_segment,effective_from,steps[2]:schema_transform,schema_transform
f00404,reference.customer_segment,segment_record_source,field,reference.customer_segment,record_source,steps[2]:schema_transform,schema_transform
f00405,reference.customer_segment,segment_load_datetime,field,reference.customer_segment,load_datetime,steps[2]:schema_transform,schema_transform
f00406,reference.customer_segment,segment_label,field,reference.customer_segment,segment_name,steps[3]:calculated_fields,calculated_fields
f00407,reference.deal_identity,identity_source_system,field,reference.deal_identity,source_system,steps[2]:schema_transform,schema_transform
f00408,reference.deal_identity,identity_source_record_id,field,reference.deal_identity,source_record_id,steps[2]:schema_transform,schema_transform
f00409,reference.deal_identity,deal_external_identity,field,reference.deal_identity,true_deal_external_id,steps[2]:schema_transform,schema_transform
f00410,reference.deal_identity,deal_identity_note,field,reference.deal_identity,overlap_note,steps[2]:schema_transform,schema_transform
f00411,reference.deal_identity,deal_identity_key,field,reference.deal_identity,identity_source_system,steps[3]:calculated_fields,calculated_fields
f00412,reference.deal_identity,deal_identity_key,field,reference.deal_identity,identity_source_record_id,steps[3]:calculated_fields,calculated_fields
f00413,reference.fund_identity,identity_source_system,field,reference.fund_identity,source_system,steps[2]:schema_transform,schema_transform
f00414,reference.fund_identity,identity_source_record_id,field,reference.fund_identity,source_record_id,steps[2]:schema_transform,schema_transform
f00415,reference.fund_identity,fund_external_identity,field,reference.fund_identity,true_fund_external_id,steps[2]:schema_transform,schema_transform
f00416,reference.fund_identity,fund_identity_note,field,reference.fund_identity,overlap_note,steps[2]:schema_transform,schema_transform
f00417,reference.fund_identity,fund_identity_key,field,reference.fund_identity,identity_source_system,steps[3]:calculated_fields,calculated_fields
f00418,reference.fund_identity,fund_identity_key,field,reference.fund_identity,identity_source_record_id,steps[3]:calculated_fields,calculated_fields
f00419,reference.investment_calendar,calendar_date_text,field,reference.investment_calendar,calendar_date,steps[2]:schema_transform,schema_transform
f00420,reference.investment_calendar,calendar_year_text,field,reference.investment_calendar,year_number,steps[2]:schema_transform,schema_transform
f00421,reference.investment_calendar,calendar_quarter_text,field,reference.investment_calendar,quarter_number,steps[2]:schema_transform,schema_transform
f00422,reference.investment_calendar,calendar_month_text,field,reference.investment_calendar,month_number,steps[2]:schema_transform,schema_transform
f00423,reference.investment_calendar,calendar_month_start_text,field,reference.investment_calendar,month_start_date,steps[2]:schema_transform,schema_transform
f00424,reference.investment_calendar,calendar_quarter_start_text,field,reference.investment_calendar,quarter_start_date,steps[2]:schema_transform,schema_transform
f00425,reference.investment_calendar,calendar_month_end_text,field,reference.investment_calendar,is_month_end,steps[2]:schema_transform,schema_transform
f00426,reference.investment_calendar,calendar_quarter_end_text,field,reference.investment_calendar,is_quarter_end,steps[2]:schema_transform,schema_transform
f00427,reference.investment_calendar,calendar_date,field,reference.investment_calendar,calendar_date_text,steps[3]:calculated_fields,calculated_fields
f00428,reference.investment_calendar,calendar_year,field,reference.investment_calendar,calendar_year_text,steps[3]:calculated_fields,calculated_fields
f00429,reference.investment_calendar,calendar_quarter,field,reference.investment_calendar,calendar_quarter_text,steps[3]:calculated_fields,calculated_fields
f00430,reference.investment_calendar,calendar_month,field,reference.investment_calendar,calendar_month_text,steps[3]:calculated_fields,calculated_fields
f00431,reference.investment_calendar,calendar_month_start,field,reference.investment_calendar,calendar_month_start_text,steps[3]:calculated_fields,calculated_fields
f00432,reference.investment_calendar,calendar_quarter_start,field,reference.investment_calendar,calendar_quarter_start_text,steps[3]:calculated_fields,calculated_fields
f00433,reference.investment_calendar,calendar_is_month_end,field,reference.investment_calendar,calendar_month_end_text,steps[3]:calculated_fields,calculated_fields
f00434,reference.investment_calendar,calendar_is_quarter_end,field,reference.investment_calendar,calendar_quarter_end_text,steps[3]:calculated_fields,calculated_fields
f00435,reference.investment_calendar,calendar_quarter_label,field,reference.investment_calendar,calendar_quarter_text,steps[3]:calculated_fields,calculated_fields
f00436,reference.investment_calendar,calendar_quarter_label,field,reference.investment_calendar,calendar_date_text,steps[3]:calculated_fields,calculated_fields
f00437,reference.investment_classification,classification_type_code,field,reference.investment_classification,classification_type_code,steps[2]:schema_transform,schema_transform
f00438,reference.investment_classification,classification_value_code,field,reference.investment_classification,classification_value_code,steps[2]:schema_transform,schema_transform
f00439,reference.investment_classification,classification_value_name,field,reference.investment_classification,classification_value_name,steps[2]:schema_transform,schema_transform
f00440,reference.investment_classification,classification_sort_order,field,reference.investment_classification,sort_order,steps[2]:schema_transform,schema_transform
f00441,reference.investment_classification,classification_unknown_text,field,reference.investment_classification,is_unknown,steps[2]:schema_transform,schema_transform
f00442,reference.investment_classification,classification_key,field,reference.investment_classification,classification_type_code,steps[3]:calculated_fields,calculated_fields
f00443,reference.investment_classification,classification_key,field,reference.investment_classification,classification_value_code,steps[3]:calculated_fields,calculated_fields
f00444,reference.investment_classification,classification_is_unknown,field,reference.investment_classification,classification_unknown_text,steps[3]:calculated_fields,calculated_fields
f00445,reference.investment_classification,classification_type_name,contract,reference.investment_classification_type,classification_type_name,steps[4]:data_enrichment,data_enrichment
f00446,ecommerce.cartivo_order,source_record_id,field,ecommerce.cartivo_order,cartivo_record_id,steps[2]:schema_transform,schema_transform
f00447,ecommerce.cartivo_order,source_order_id,field,ecommerce.cartivo_order,cartivo_order_id,steps[2]:schema_transform,schema_transform
f00448,ecommerce.cartivo_order,source_customer_id,field,ecommerce.cartivo_order,cartivo_customer_id,steps[2]:schema_transform,schema_transform
f00449,ecommerce.cartivo_order,order_date,field,ecommerce.cartivo_order,order_date,steps[2]:schema_transform,schema_transform
f00450,ecommerce.cartivo_order,order_total,field,ecommerce.cartivo_order,order_total,steps[2]:schema_transform,schema_transform
f00451,ecommerce.cartivo_order,source_system,expression,ecommerce.cartivo_order,'cartivo',steps[3]:calculated_fields,calculated_fields
f00452,ecommerce.cartivo_order,order_value_band,rule,ecommerce.cartivo_order,order_value_band_v1@1,steps[3]:calculated_fields,calculated_fields
f00453,ecommerce.cartivo_order,customer_business_key,contract,ecommerce.cartivo_customer,customer_business_key,steps[4]:data_enrichment,data_enrichment
f00454,ecommerce.cartivo_order_line,order_line_record_id,field,ecommerce.cartivo_order_line,cartivo_record_id,steps[2]:schema_transform,schema_transform
f00455,ecommerce.cartivo_order_line,order_id,field,ecommerce.cartivo_order_line,cartivo_order_id,steps[2]:schema_transform,schema_transform
f00456,ecommerce.cartivo_order_line,order_line_source_product_id,field,ecommerce.cartivo_order_line,cartivo_product_id,steps[2]:schema_transform,schema_transform
f00457,ecommerce.cartivo_order_line,line_number,field,ecommerce.cartivo_order_line,line_number,steps[2]:schema_transform,schema_transform
f00458,ecommerce.cartivo_order_line,line_quantity,field,ecommerce.cartivo_order_line,quantity,steps[2]:schema_transform,schema_transform
f00459,ecommerce.cartivo_order_line,line_unit_price,field,ecommerce.cartivo_order_line,unit_price,steps[2]:schema_transform,schema_transform
f00460,ecommerce.cartivo_order_line,line_revenue,field,ecommerce.cartivo_order_line,line_revenue,steps[2]:schema_transform,schema_transform
f00461,ecommerce.cartivo_order_line,line_currency,field,ecommerce.cartivo_order_line,currency,steps[2]:schema_transform,schema_transform
f00462,ecommerce.cartivo_order_line,line_order_date,field,ecommerce.cartivo_order_line,order_date,steps[2]:schema_transform,schema_transform
f00463,ecommerce.cartivo_order_line,order_line_source_system,expression,ecommerce.cartivo_order_line,'cartivo',steps[3]:calculated_fields,calculated_fields
f00464,ecommerce.cartivo_order_line,product_code,contract,ecommerce.cartivo_product,product_code,steps[4]:data_enrichment,data_enrichment
f00465,ecommerce.customer,customer_record_id,field,ecommerce.customer,source_record_id,steps[2]:schema_transform,schema_transform
f00466,ecommerce.customer,customer_source_id,field,ecommerce.customer,source_customer_id,steps[2]:schema_transform,schema_transform
f00467,ecommerce.customer,customer_source_system,field,ecommerce.customer,source_system,steps[2]:schema_transform,schema_transform
f00468,ecommerce.customer,customer_loyalty_id,field,ecommerce.customer,loyalty_id,steps[2]:schema_transform,schema_transform
f00469,ecommerce.customer,customer_email,field,ecommerce.customer,email,steps[2]:schema_transform,schema_transform
f00470,ecommerce.customer,customer_normalised_email,field,ecommerce.customer,normalised_email,steps[2]:schema_transform,schema_transform
f00471,ecommerce.customer,customer_name,field,ecommerce.customer,full_name,steps[2]:schema_transform,schema_transform
f00472,ecommerce.customer,customer_phone,field,ecommerce.customer,phone,steps[2]:schema_transform,schema_transform
f00473,ecommerce.customer,customer_address_line,field,ecommerce.customer,address_line,steps[2]:schema_transform,schema_transform
f00474,ecommerce.customer,customer_city,field,ecommerce.customer,city,steps[2]:schema_transform,schema_transform
f00475,ecommerce.customer,customer_postal_code,field,ecommerce.customer,postal_code,steps[2]:schema_transform,schema_transform
f00476,ecommerce.customer,customer_country,field,ecommerce.customer,country,steps[2]:schema_transform,schema_transform
f00477,ecommerce.customer,customer_marketing_consent,field,ecommerce.customer,marketing_consent,steps[2]:schema_transform,schema_transform
f00478,ecommerce.customer,customer_preferred_channel,field,ecommerce.customer,preferred_channel,steps[2]:schema_transform,schema_transform
f00479,ecommerce.customer,customer_buyer_segment,field,ecommerce.customer,buyer_segment,steps[2]:schema_transform,schema_transform
f00480,ecommerce.customer,customer_as_of_date,field,ecommerce.customer,as_of_date,steps[2]:schema_transform,schema_transform
f00481,ecommerce.customer,customer_identity_key,field,ecommerce.customer,customer_source_system,steps[3]:calculated_fields,calculated_fields
f00482,ecommerce.customer,customer_identity_key,field,ecommerce.customer,customer_record_id,steps[3]:calculated_fields,calculated_fields
f00483,ecommerce.customer,customer_external_id,contract,reference.customer_identity,customer_external_id,steps[4]:data_enrichment,data_enrichment
f00484,ecommerce.mercaro_order,source_record_id,field,ecommerce.mercaro_order,mercaro_record_id,steps[2]:schema_transform,schema_transform
f00485,ecommerce.mercaro_order,source_order_id,field,ecommerce.mercaro_order,mercaro_order_id,steps[2]:schema_transform,schema_transform
f00486,ecommerce.mercaro_order,source_customer_id,field,ecommerce.mercaro_order,mercaro_customer_id,steps[2]:schema_transform,schema_transform
f00487,ecommerce.mercaro_order,order_date,field,ecommerce.mercaro_order,order_date,steps[2]:schema_transform,schema_transform
f00488,ecommerce.mercaro_order,order_total,field,ecommerce.mercaro_order,order_total,steps[2]:schema_transform,schema_transform
f00489,ecommerce.mercaro_order,source_system,expression,ecommerce.mercaro_order,'mercaro',steps[3]:calculated_fields,calculated_fields
f00490,ecommerce.mercaro_order,order_value_band,rule,ecommerce.mercaro_order,order_value_band_v1@1,steps[3]:calculated_fields,calculated_fields
f00491,ecommerce.mercaro_order,customer_business_key,contract,ecommerce.mercaro_customer,customer_business_key,steps[4]:data_enrichment,data_enrichment
f00492,ecommerce.mercaro_order_line,order_line_record_id,field,ecommerce.mercaro_order_line,mercaro_record_id,steps[2]:schema_transform,schema_transform
f00493,ecommerce.mercaro_order_line,order_id,field,ecommerce.mercaro_order_line,mercaro_order_id,steps[2]:schema_transform,schema_transform
f00494,ecommerce.mercaro_order_line,order_line_source_product_id,field,ecommerce.mercaro_order_line,mercaro_product_id,steps[2]:schema_transform,schema_transform
f00495,ecommerce.mercaro_order_line,line_number,field,ecommerce.mercaro_order_line,line_number,steps[2]:schema_transform,schema_transform
f00496,ecommerce.mercaro_order_line,line_quantity,field,ecommerce.mercaro_order_line,quantity,steps[2]:schema_transform,schema_transform
f00497,ecommerce.mercaro_order_line,line_unit_price,field,ecommerce.mercaro_order_line,unit_price,steps[2]:schema_transform,schema_transform
f00498,ecommerce.mercaro_order_line,line_revenue,field,ecommerce.mercaro_order_line,line_revenue,steps[2]:schema_transform,schema_transform
f00499,ecommerce.mercaro_order_line,line_currency,field,ecommerce.mercaro_order_line,currency,steps[2]:schema_transform,schema_transform
f00500,ecommerce.mercaro_order_line,line_order_date,field,ecommerce.mercaro_order_line,order_date,steps[2]:schema_transform,schema_transform
f00501,ecommerce.mercaro_order_line,order_line_source_system,expression,ecommerce.mercaro_order_line,'mercaro',steps[3]:calculated_fields,calculated_fields
f00502,ecommerce.mercaro_order_line,product_code,contract,ecommerce.mercaro_product,product_code,steps[4]:data_enrichment,data_enrichment
f00503,ecommerce.product,product_record_id,field,ecommerce.product,source_record_id,steps[2]:schema_transform,schema_transform
f00504,ecommerce.product,product_source_id,field,ecommerce.product,source_product_id,steps[2]:schema_transform,schema_transform
f00505,ecommerce.product,product_source_system,field,ecommerce.product,source_system,steps[2]:schema_transform,schema_transform
f00506,ecommerce.product,product_brand,field,ecommerce.product,brand,steps[2]:schema_transform,schema_transform
f00507,ecommerce.product,product_category,field,ecommerce.product,category,steps[2]:schema_transform,schema_transform
f00508,ecommerce.product,product_list_price,field,ecommerce.product,list_price,steps[2]:schema_transform,schema_transform
f00509,ecommerce.product,product_currency,field,ecommerce.product,currency,steps[2]:schema_transform,schema_transform
f00510,ecommerce.product,product_as_of_date,field,ecommerce.product,as_of_date,steps[2]:schema_transform,schema_transform
f00511,investment.gp_conformed,gp_business_key,field,investment.gp_conformed,gp_lei,steps[2]:calculated_fields,calculated_fields
f00512,investment.gp_conformed,gp_business_key,field,investment.gp_conformed,gp_external_id,steps[2]:calculated_fields,calculated_fields
f00513,investment.gp_conformed,gp_business_key,field,investment.gp_conformed,gp_normalised_name,steps[2]:calculated_fields,calculated_fields
f00514,investment.portfolio_company_conformed,company_business_key,field,investment.portfolio_company_conformed,company_lei,steps[2]:calculated_fields,calculated_fields
f00515,investment.portfolio_company_conformed,company_business_key,field,investment.portfolio_company_conformed,company_external_id,steps[2]:calculated_fields,calculated_fields
f00516,investment.portfolio_company_conformed,company_business_key,field,investment.portfolio_company_conformed,company_normalised_name,steps[2]:calculated_fields,calculated_fields
f00517,reference.deal_stage,stage_entity_type,field,reference.deal_stage,entity_type,steps[2]:schema_transform,schema_transform
f00518,reference.deal_stage,deal_external_identity,field,reference.deal_stage,entity_external_id,steps[2]:schema_transform,schema_transform
f00519,reference.deal_stage,stage_type_code,field,reference.deal_stage,classification_type_code,steps[2]:schema_transform,schema_transform
f00520,reference.deal_stage,stage_value_code,field,reference.deal_stage,classification_value_code,steps[2]:schema_transform,schema_transform
f00521,reference.deal_stage,stage_effective_from,field,reference.deal_stage,effective_from,steps[2]:schema_transform,schema_transform
f00522,reference.deal_stage,stage_record_source,field,reference.deal_stage,record_source,steps[2]:schema_transform,schema_transform
f00523,reference.deal_stage,stage_load_datetime,field,reference.deal_stage,load_datetime,steps[2]:schema_transform,schema_transform
f00524,reference.deal_stage,stage_recorded_at,field,reference.deal_stage,stage_recorded_at,steps[2]:schema_transform,schema_transform
f00525,reference.deal_stage,stage_key,field,reference.deal_stage,stage_type_code,steps[3]:calculated_fields,calculated_fields
f00526,reference.deal_stage,stage_key,field,reference.deal_stage,stage_value_code,steps[3]:calculated_fields,calculated_fields
f00527,reference.deal_stage,classification_value_name,contract,reference.investment_classification,classification_value_name,steps[4]:data_enrichment,data_enrichment
f00528,reference.deal_stage,classification_sort_order,contract,reference.investment_classification,classification_sort_order,steps[4]:data_enrichment,data_enrichment
f00529,reference.fund_department,classification_entity_type,field,reference.fund_department,entity_type,steps[2]:schema_transform,schema_transform
f00530,reference.fund_department,fund_external_identity,field,reference.fund_department,entity_external_id,steps[2]:schema_transform,schema_transform
f00531,reference.fund_department,classification_type_code,field,reference.fund_department,classification_type_code,steps[2]:schema_transform,schema_transform
f00532,reference.fund_department,fund_department_code,field,reference.fund_department,classification_value_code,steps[2]:schema_transform,schema_transform
f00533,reference.fund_department,department_effective_from,field,reference.fund_department,effective_from,steps[2]:schema_transform,schema_transform
f00534,reference.fund_department,classification_record_source,field,reference.fund_department,record_source,steps[2]:schema_transform,schema_transform
f00535,reference.fund_department,classification_load_datetime,field,reference.fund_department,load_datetime,steps[2]:schema_transform,schema_transform
f00536,reference.fund_department,classification_key,field,reference.fund_department,classification_type_code,steps[3]:calculated_fields,calculated_fields
f00537,reference.fund_department,classification_key,field,reference.fund_department,fund_department_code,steps[3]:calculated_fields,calculated_fields
f00538,reference.fund_department,fund_department_key,field,reference.fund_department,fund_external_identity,steps[3]:calculated_fields,calculated_fields
f00539,reference.fund_department,fund_department_key,field,reference.fund_department,classification_type_code,steps[3]:calculated_fields,calculated_fields
f00540,reference.fund_department,classification_value_name,contract,reference.investment_classification,classification_value_name,steps[4]:data_enrichment,data_enrichment
f00541,reference.fund_department,classification_type_name,contract,reference.investment_classification,classification_type_name,steps[4]:data_enrichment,data_enrichment
f00542,ecommerce.order,order_record_id,field,ecommerce.order,source_record_id,steps[2]:schema_transform,schema_transform
f00543,ecommerce.order,order_id,field,ecommerce.order,source_order_id,steps[2]:schema_transform,schema_transform
f00544,ecommerce.order,order_source_customer_id,field,ecommerce.order,source_customer_id,steps[2]:schema_transform,schema_transform
f00545,ecommerce.order,order_source_system,field,ecommerce.order,source_system,steps[2]:schema_transform,schema_transform
f00546,ecommerce.order,order_currency,field,ecommerce.order,currency,steps[2]:schema_transform,schema_transform
f00547,ecommerce.order,order_channel,field,ecommerce.order,channel,steps[2]:schema_transform,schema_transform
f00548,ecommerce.order,customer_external_id,contract,ecommerce.customer,customer_external_id,steps[3]:data_enrichment,data_enrichment
f00549,investment.gp_name_index,gp_name_lookup_key,field,investment.gp_name_index,gp_normalised_name,steps[2]:calculated_fields,calculated_fields
f00550,investment.gp_name_index,gp_name_lookup_key,field,investment.gp_name_index,gp_name_lookup_key,steps[4]:data_aggregation,data_aggregation
f00551,investment.gp_name_index,gp_business_key,field,investment.gp_name_index,gp_business_key,steps[4]:data_aggregation,data_aggregation
f00552,investment.gp_name_index,gp_entity_count,field,investment.gp_name_index,gp_business_key,steps[4]:data_aggregation,data_aggregation
f00553,investment.gp_succession,succession_key,field,investment.gp_succession,source_predecessor_gp_id,steps[2]:calculated_fields,calculated_fields
f00554,investment.gp_succession,succession_key,field,investment.gp_succession,source_successor_gp_id,steps[2]:calculated_fields,calculated_fields
f00555,investment.gp_succession,gp_business_key,contract,investment.gp_conformed,gp_business_key,steps[3]:data_enrichment,data_enrichment
f00556,investment.gp_succession,gp_normalised_name,contract,investment.gp_conformed,gp_normalised_name,steps[3]:data_enrichment,data_enrichment
f00557,investment.gp_vault,gp_record_id,field,investment.gp_vault,source_record_id,steps[2]:schema_transform,schema_transform
f00558,investment.gp_vault,gp_source_id,field,investment.gp_vault,source_gp_id,steps[2]:schema_transform,schema_transform
f00559,investment.gp_vault,gp_name,field,investment.gp_vault,source_name,steps[2]:schema_transform,schema_transform
f00560,investment.gp_vault,gp_domicile,field,investment.gp_vault,source_domicile,steps[2]:schema_transform,schema_transform
f00561,investment.gp_vault,gp_relationship_start_on,field,investment.gp_vault,source_relationship_start_date,steps[2]:schema_transform,schema_transform
f00562,investment.gp_vault,gp_reported_on,field,investment.gp_vault,source_reported_on,steps[2]:schema_transform,schema_transform
f00563,investment.portfolio_company_vault,company_record_id,field,investment.portfolio_company_vault,source_record_id,steps[2]:schema_transform,schema_transform
f00564,investment.portfolio_company_vault,company_source_id,field,investment.portfolio_company_vault,source_company_id,steps[2]:schema_transform,schema_transform
f00565,investment.portfolio_company_vault,company_fund_source_id,field,investment.portfolio_company_vault,source_fund_id,steps[2]:schema_transform,schema_transform
f00566,investment.portfolio_company_vault,company_name,field,investment.portfolio_company_vault,source_name,steps[2]:schema_transform,schema_transform
f00567,investment.portfolio_company_vault,company_sector,field,investment.portfolio_company_vault,source_sector,steps[2]:schema_transform,schema_transform
f00568,investment.portfolio_company_vault,company_sub_sector,field,investment.portfolio_company_vault,source_sub_sector,steps[2]:schema_transform,schema_transform
f00569,investment.portfolio_company_vault,company_country,field,investment.portfolio_company_vault,source_country,steps[2]:schema_transform,schema_transform
f00570,investment.portfolio_company_vault,company_status,field,investment.portfolio_company_vault,source_status,steps[2]:schema_transform,schema_transform
f00571,investment.portfolio_company_vault,company_reported_on,field,investment.portfolio_company_vault,source_reported_on,steps[2]:schema_transform,schema_transform
f00572,reference.deal_stage_current,stage_rank,field,reference.deal_stage_current,deal_external_identity,steps[2]:calculated_fields,calculated_fields
f00573,reference.deal_stage_current,stage_rank,field,reference.deal_stage_current,stage_effective_from,steps[2]:calculated_fields,calculated_fields
f00574,reference.deal_stage_current,stage_rank,field,reference.deal_stage_current,stage_recorded_at,steps[2]:calculated_fields,calculated_fields
f00575,ecommerce.order_customer,order_customer_external_id,contract,ecommerce.order,customer_external_id,sources[0].conform,merge
f00576,investment.company_external_index,company_external_lookup_key,field,investment.company_external_index,company_external_id,steps[2]:calculated_fields,calculated_fields
f00577,investment.company_external_index,company_external_lookup_key,field,investment.company_external_index,company_external_lookup_key,steps[4]:data_aggregation,data_aggregation
f00578,investment.company_external_index,company_business_key,field,investment.company_external_index,company_business_key,steps[4]:data_aggregation,data_aggregation
f00579,investment.company_external_index,company_entity_count,field,investment.company_external_index,company_business_key,steps[4]:data_aggregation,data_aggregation
f00580,investment.fund_conformed,fund_business_key,field,investment.fund_conformed,fund_lei,steps[2]:calculated_fields,calculated_fields
f00581,investment.fund_conformed,fund_business_key,field,investment.fund_conformed,fund_external_id,steps[2]:calculated_fields,calculated_fields
f00582,investment.fund_conformed,fund_business_key,field,investment.fund_conformed,fund_identity_key,steps[2]:calculated_fields,calculated_fields
f00583,investment.fund_conformed,fund_gp_lookup_key,field,investment.fund_conformed,fund_normalised_gp_name,steps[2]:calculated_fields,calculated_fields
f00584,investment.fund_conformed,gp_business_key,contract,investment.gp_name_index,gp_business_key,steps[3]:data_enrichment,data_enrichment
f00585,investment.gp_canonical,external_ids,field,investment.gp_canonical,gp_business_key,steps[2]:schema_transform,schema_transform
f00586,investment.gp_canonical,lei,field,investment.gp_canonical,gp_lei,steps[2]:schema_transform,schema_transform
f00587,investment.gp_canonical,gp_name,field,investment.gp_canonical,gp_name,steps[2]:schema_transform,schema_transform
f00588,investment.gp_canonical,domicile,field,investment.gp_canonical,gp_domicile,steps[2]:schema_transform,schema_transform
f00589,investment.gp_canonical,relationship_start_date,field,investment.gp_canonical,gp_relationship_start_on,steps[2]:schema_transform,schema_transform
f00590,investment.portfolio_company_canonical,external_ids,field,investment.portfolio_company_canonical,company_business_key,steps[2]:schema_transform,schema_transform
f00591,investment.portfolio_company_canonical,lei,field,investment.portfolio_company_canonical,company_lei,steps[2]:schema_transform,schema_transform
f00592,investment.portfolio_company_canonical,company_name,field,investment.portfolio_company_canonical,company_name,steps[2]:schema_transform,schema_transform
f00593,investment.portfolio_company_canonical,sector,field,investment.portfolio_company_canonical,company_sector,steps[2]:schema_transform,schema_transform
f00594,investment.portfolio_company_canonical,sub_sector,field,investment.portfolio_company_canonical,company_sub_sector,steps[2]:schema_transform,schema_transform
f00595,investment.portfolio_company_canonical,country,field,investment.portfolio_company_canonical,company_country,steps[2]:schema_transform,schema_transform
f00596,investment.portfolio_company_canonical,status,field,investment.portfolio_company_canonical,company_status,steps[2]:schema_transform,schema_transform
f00597,investment.fund_cash_flow_conformed,cash_flow_signed_amount_usd,field,investment.fund_cash_flow_conformed,source_amount_usd,steps[2]:calculated_fields,calculated_fields
f00598,investment.fund_cash_flow_conformed,cash_flow_signed_amount_usd,field,investment.fund_cash_flow_conformed,source_direction,steps[2]:calculated_fields,calculated_fields
f00599,investment.fund_cash_flow_conformed,fund_business_key,contract,investment.fund_conformed,fund_business_key,steps[3]:data_enrichment,data_enrichment
f00600,investment.fund_cash_flow_conformed,fund_external_id,contract,investment.fund_conformed,fund_external_id,steps[3]:data_enrichment,data_enrichment
f00601,investment.fund_investment_basis,fund_recallable_distributions_usd,field,investment.fund_investment_basis,fund_external_id,steps[2]:calculated_fields,calculated_fields
f00602,investment.fund_investment_basis,fund_fee_offset_usd,field,investment.fund_investment_basis,fund_external_id,steps[2]:calculated_fields,calculated_fields
f00603,investment.fund_investment_basis,fund_hurdle_rate,field,investment.fund_investment_basis,fund_external_id,steps[2]:calculated_fields,calculated_fields
f00604,investment.fund_investment_basis,fund_hurdle_rate,field,investment.fund_investment_basis,source_strategy,steps[2]:calculated_fields,calculated_fields
f00605,investment.fund_investment_basis,fund_hurdle_basis,field,investment.fund_investment_basis,fund_external_id,steps[2]:calculated_fields,calculated_fields
f00606,investment.fund_investment_basis,fund_hurdle_basis,field,investment.fund_investment_basis,source_strategy,steps[2]:calculated_fields,calculated_fields
f00607,investment.fund_vault,fund_record_id,field,investment.fund_vault,source_record_id,steps[2]:schema_transform,schema_transform
f00608,investment.fund_vault,fund_source_id,field,investment.fund_vault,source_fund_id,steps[2]:schema_transform,schema_transform
f00609,investment.fund_vault,fund_name,field,investment.fund_vault,source_name,steps[2]:schema_transform,schema_transform
f00610,investment.fund_vault,fund_family_name,field,investment.fund_vault,source_family_name,steps[2]:schema_transform,schema_transform
f00611,investment.fund_vault,fund_vehicle_type,field,investment.fund_vault,source_vehicle_type,steps[2]:schema_transform,schema_transform
f00612,investment.fund_vault,fund_gp_source_id,field,investment.fund_vault,source_gp_id,steps[2]:schema_transform,schema_transform
f00613,investment.fund_vault,fund_gp_name,field,investment.fund_vault,source_gp_name,steps[2]:schema_transform,schema_transform
f00614,investment.fund_vault,fund_asset_class,field,investment.fund_vault,source_asset_class,steps[2]:schema_transform,schema_transform
f00615,investment.fund_vault,fund_strategy,field,investment.fund_vault,source_strategy,steps[2]:schema_transform,schema_transform
f00616,investment.fund_vault,fund_vintage_year,field,investment.fund_vault,source_vintage_year,steps[2]:schema_transform,schema_transform
f00617,investment.fund_vault,fund_committed_capital_usd,field,investment.fund_vault,source_committed_capital_usd,steps[2]:schema_transform,schema_transform
f00618,investment.fund_vault,fund_currency,field,investment.fund_vault,source_currency,steps[2]:schema_transform,schema_transform
f00619,investment.fund_vault,fund_domicile,field,investment.fund_vault,source_domicile,steps[2]:schema_transform,schema_transform
f00620,investment.fund_vault,fund_status,field,investment.fund_vault,source_status,steps[2]:schema_transform,schema_transform
f00621,investment.fund_vault,fund_reported_on,field,investment.fund_vault,source_reported_on,steps[2]:schema_transform,schema_transform
f00622,investment.fund_vault,fund_gp_business_key,field,investment.fund_vault,gp_business_key,steps[2]:schema_transform,schema_transform
f00623,investment.fund_vault,fund_external_identity,contract,reference.fund_identity,fund_external_identity,steps[3]:data_enrichment,data_enrichment
f00624,investment.holding_valuation_conformed,valuation_confidence_band,field,investment.holding_valuation_conformed,source_confidence_score,steps[2]:calculated_fields,calculated_fields
f00625,investment.holding_valuation_conformed,fund_business_key,contract,investment.fund_conformed,fund_business_key,steps[3]:data_enrichment,data_enrichment
f00626,investment.legal_vehicle_conformed,vehicle_business_key,field,investment.legal_vehicle_conformed,vehicle_lei,steps[2]:calculated_fields,calculated_fields
f00627,investment.legal_vehicle_conformed,vehicle_business_key,field,investment.legal_vehicle_conformed,vehicle_normalised_name,steps[2]:calculated_fields,calculated_fields
f00628,investment.legal_vehicle_conformed,fund_business_key,contract,investment.fund_conformed,fund_business_key,steps[3]:data_enrichment,data_enrichment
f00629,ecommerce.order_star,line_is_multi_unit,field,ecommerce.order_star,line_quantity,steps[2]:calculated_fields,calculated_fields
f00630,ecommerce.order_star,line_list_value,field,ecommerce.order_star,line_quantity,steps[2]:calculated_fields,calculated_fields
f00631,ecommerce.order_star,line_list_value,field,ecommerce.order_star,product_list_price,steps[2]:calculated_fields,calculated_fields
f00632,ecommerce.order_star,customer_name,contract,ecommerce.customer,customer_name,steps[4]:data_enrichment,data_enrichment
f00633,ecommerce.order_star,customer_email_domain,contract,ecommerce.customer,customer_email_domain,steps[4]:data_enrichment,data_enrichment
f00634,ecommerce.order_star,customer_city,contract,ecommerce.customer,customer_city,steps[4]:data_enrichment,data_enrichment
f00635,ecommerce.order_star,customer_country,contract,ecommerce.customer,customer_country,steps[4]:data_enrichment,data_enrichment
f00636,ecommerce.order_star,segment_name,contract,reference.customer_segment,segment_name,steps[4]:data_enrichment,data_enrichment
f00637,investment.fund_canonical,external_ids,field,investment.fund_canonical,fund_business_key,steps[2]:schema_transform,schema_transform
f00638,investment.fund_canonical,lei,field,investment.fund_canonical,fund_lei,steps[2]:schema_transform,schema_transform
f00639,investment.fund_canonical,fund_name,field,investment.fund_canonical,fund_name,steps[2]:schema_transform,schema_transform
f00640,investment.fund_canonical,gp_id,field,investment.fund_canonical,fund_gp_business_key,steps[2]:schema_transform,schema_transform
f00641,investment.fund_canonical,asset_class,field,investment.fund_canonical,fund_asset_class,steps[2]:schema_transform,schema_transform
f00642,investment.fund_canonical,strategy,field,investment.fund_canonical,fund_strategy,steps[2]:schema_transform,schema_transform
f00643,investment.fund_canonical,vintage_year,field,investment.fund_canonical,fund_vintage_year,steps[2]:schema_transform,schema_transform
f00644,investment.fund_canonical,committed_capital_usd,field,investment.fund_canonical,fund_committed_capital_usd,steps[2]:schema_transform,schema_transform
f00645,investment.fund_canonical,currency,field,investment.fund_canonical,fund_currency,steps[2]:schema_transform,schema_transform
f00646,investment.fund_canonical,domicile,field,investment.fund_canonical,fund_domicile,steps[2]:schema_transform,schema_transform
f00647,investment.fund_canonical,fund_status,field,investment.fund_canonical,fund_status,steps[2]:schema_transform,schema_transform
f00648,investment.fund_external_index,fund_external_lookup_key,field,investment.fund_external_index,fund_external_id,steps[2]:calculated_fields,calculated_fields
f00649,investment.fund_external_index,fund_external_lookup_key,field,investment.fund_external_index,fund_external_lookup_key,steps[4]:data_aggregation,data_aggregation
f00650,investment.fund_external_index,fund_business_key,field,investment.fund_external_index,fund_business_key,steps[4]:data_aggregation,data_aggregation
f00651,investment.fund_external_index,fund_entity_count,field,investment.fund_external_index,fund_business_key,steps[4]:data_aggregation,data_aggregation
f00652,investment.fund_nav_resolved,fund_nav_source_key,field,investment.fund_nav_resolved,nav_source_system,steps[2]:calculated_fields,calculated_fields
f00653,investment.fund_nav_resolved,fund_nav_source_key,field,investment.fund_nav_resolved,source_fund_id,steps[2]:calculated_fields,calculated_fields
f00654,investment.fund_nav_resolved,fund_business_key,contract,investment.fund_investment_basis,fund_business_key,steps[3]:data_enrichment,data_enrichment
f00655,investment.fund_nav_resolved,fund_external_id,contract,investment.fund_investment_basis,fund_external_id,steps[3]:data_enrichment,data_enrichment
f00656,investment.fund_nav_resolved,source_name,contract,investment.fund_investment_basis,source_name,steps[3]:data_enrichment,data_enrichment
f00657,investment.fund_nav_resolved,source_strategy,contract,investment.fund_investment_basis,source_strategy,steps[3]:data_enrichment,data_enrichment
f00658,investment.fund_nav_resolved,source_currency,contract,investment.fund_investment_basis,source_currency,steps[3]:data_enrichment,data_enrichment
f00659,investment.fund_nav_resolved,fund_recallable_distributions_usd,contract,investment.fund_investment_basis,fund_recallable_distributions_usd,steps[3]:data_enrichment,data_enrichment
f00660,investment.fund_nav_resolved,fund_fee_offset_usd,contract,investment.fund_investment_basis,fund_fee_offset_usd,steps[3]:data_enrichment,data_enrichment
f00661,investment.fund_nav_resolved,fund_hurdle_rate,contract,investment.fund_investment_basis,fund_hurdle_rate,steps[3]:data_enrichment,data_enrichment
f00662,investment.fund_nav_resolved,fund_hurdle_basis,contract,investment.fund_investment_basis,fund_hurdle_basis,steps[3]:data_enrichment,data_enrichment
f00663,investment.legal_vehicle_cash_flow,vehicle_cash_flow_signed_amount_usd,field,investment.legal_vehicle_cash_flow,source_amount_usd,steps[2]:calculated_fields,calculated_fields
f00664,investment.legal_vehicle_cash_flow,vehicle_cash_flow_signed_amount_usd,field,investment.legal_vehicle_cash_flow,source_direction,steps[2]:calculated_fields,calculated_fields
f00665,investment.legal_vehicle_cash_flow,vehicle_business_key,contract,investment.legal_vehicle_conformed,vehicle_business_key,steps[3]:data_enrichment,data_enrichment
f00666,investment.legal_vehicle_cash_flow,fund_business_key,contract,investment.legal_vehicle_conformed,fund_business_key,steps[3]:data_enrichment,data_enrichment
f00667,investment.legal_vehicle_vault,vehicle_record_id,field,investment.legal_vehicle_vault,source_record_id,steps[2]:schema_transform,schema_transform
f00668,investment.legal_vehicle_vault,vehicle_source_id,field,investment.legal_vehicle_vault,source_vehicle_id,steps[2]:schema_transform,schema_transform
f00669,investment.legal_vehicle_vault,vehicle_fund_source_id,field,investment.legal_vehicle_vault,source_fund_id,steps[2]:schema_transform,schema_transform
f00670,investment.legal_vehicle_vault,vehicle_parent_source_id,field,investment.legal_vehicle_vault,source_parent_vehicle_id,steps[2]:schema_transform,schema_transform
f00671,investment.legal_vehicle_vault,vehicle_name,field,investment.legal_vehicle_vault,source_name,steps[2]:schema_transform,schema_transform
f00672,investment.legal_vehicle_vault,vehicle_type,field,investment.legal_vehicle_vault,source_vehicle_type,steps[2]:schema_transform,schema_transform
f00673,investment.legal_vehicle_vault,vehicle_jurisdiction,field,investment.legal_vehicle_vault,source_jurisdiction,steps[2]:schema_transform,schema_transform
f00674,investment.legal_vehicle_vault,vehicle_incorporated_on,field,investment.legal_vehicle_vault,source_incorporated_on,steps[2]:schema_transform,schema_transform
f00675,investment.legal_vehicle_vault,vehicle_reported_on,field,investment.legal_vehicle_vault,source_reported_on,steps[2]:schema_transform,schema_transform
f00676,investment.legal_vehicle_vault,vehicle_fund_business_key,field,investment.legal_vehicle_vault,fund_business_key,steps[2]:schema_transform,schema_transform
f00677,ecommerce.order_summary,order_id,field,ecommerce.order_summary,order_id,steps[2]:data_aggregation,data_aggregation
f00678,ecommerce.order_summary,order_line_count,expression,ecommerce.order_summary,count(*),steps[2]:data_aggregation,data_aggregation
f00679,ecommerce.order_summary,order_units,field,ecommerce.order_summary,line_quantity,steps[2]:data_aggregation,data_aggregation
f00680,ecommerce.order_summary,order_revenue,field,ecommerce.order_summary,line_revenue,steps[2]:data_aggregation,data_aggregation
f00681,ecommerce.order_summary,order_first_line_date,field,ecommerce.order_summary,line_order_date,steps[2]:data_aggregation,data_aggregation
f00682,investment.deal_conformed,deal_business_key,field,investment.deal_conformed,deal_external_id,steps[2]:calculated_fields,calculated_fields
f00683,investment.deal_conformed,deal_business_key,field,investment.deal_conformed,deal_identity_key,steps[2]:calculated_fields,calculated_fields
f00684,investment.deal_conformed,deal_target_company_external_id,field,investment.deal_conformed,source_target_entity_id,steps[2]:calculated_fields,calculated_fields
f00685,investment.deal_conformed,deal_converted_fund_external_id,field,investment.deal_conformed,source_converted_record_type,steps[2]:calculated_fields,calculated_fields
f00686,investment.deal_conformed,deal_converted_fund_external_id,field,investment.deal_conformed,source_converted_record_id,steps[2]:calculated_fields,calculated_fields
f00687,investment.deal_conformed,deal_target_company_lookup_key,field,investment.deal_conformed,source_target_entity_id,steps[2]:calculated_fields,calculated_fields
f00688,investment.deal_conformed,deal_converted_fund_lookup_key,field,investment.deal_conformed,source_converted_record_type,steps[2]:calculated_fields,calculated_fields
f00689,investment.deal_conformed,deal_converted_fund_lookup_key,field,investment.deal_conformed,source_converted_record_id,steps[2]:calculated_fields,calculated_fields
f00690,investment.deal_conformed,company_business_key,contract,investment.company_external_index,company_business_key,steps[3]:data_enrichment,data_enrichment
f00691,investment.deal_conformed,fund_business_key,contract,investment.fund_external_index,fund_business_key,steps[3]:data_enrichment,data_enrichment
f00692,investment.fund_performance,fund_invested_capital_usd,field,investment.fund_performance,fund_fee_offset_usd,steps[2]:calculated_fields,calculated_fields
f00693,investment.fund_performance,fund_invested_capital_usd,field,investment.fund_performance,source_called_capital_usd,steps[2]:calculated_fields,calculated_fields
f00694,investment.fund_performance,fund_invested_capital_usd,field,investment.fund_performance,fund_recallable_distributions_usd,steps[2]:calculated_fields,calculated_fields
f00695,investment.fund_performance,fund_total_value_usd,field,investment.fund_performance,source_nav_usd,steps[2]:calculated_fields,calculated_fields
f00696,investment.fund_performance,fund_total_value_usd,field,investment.fund_performance,source_distributed_capital_usd,steps[2]:calculated_fields,calculated_fields
f00697,investment.fund_performance,fund_total_value_multiple,field,investment.fund_performance,fund_fee_offset_usd,steps[2]:calculated_fields,calculated_fields
f00698,investment.fund_performance,fund_total_value_multiple,field,investment.fund_performance,source_nav_usd,steps[2]:calculated_fields,calculated_fields
f00699,investment.fund_performance,fund_total_value_multiple,field,investment.fund_performance,source_distributed_capital_usd,steps[2]:calculated_fields,calculated_fields
f00700,investment.fund_performance,fund_total_value_multiple,field,investment.fund_performance,source_called_capital_usd,steps[2]:calculated_fields,calculated_fields
f00701,investment.fund_performance,fund_total_value_multiple,field,investment.fund_performance,fund_recallable_distributions_usd,steps[2]:calculated_fields,calculated_fields
f00702,investment.fund_performance,fund_clears_hurdle,field,investment.fund_performance,fund_hurdle_rate,steps[2]:calculated_fields,calculated_fields
f00703,investment.fund_performance,fund_clears_hurdle,field,investment.fund_performance,fund_fee_offset_usd,steps[2]:calculated_fields,calculated_fields
f00704,investment.fund_performance,fund_clears_hurdle,field,investment.fund_performance,source_called_capital_usd,steps[2]:calculated_fields,calculated_fields
f00705,investment.fund_performance,fund_clears_hurdle,field,investment.fund_performance,fund_recallable_distributions_usd,steps[2]:calculated_fields,calculated_fields
f00706,investment.fund_performance,fund_clears_hurdle,field,investment.fund_performance,source_nav_usd,steps[2]:calculated_fields,calculated_fields
f00707,investment.fund_performance,fund_clears_hurdle,field,investment.fund_performance,source_distributed_capital_usd,steps[2]:calculated_fields,calculated_fields
f00708,investment.fund_performance,fund_benchmark_id,expression,investment.fund_performance,'MSCI_ACWI',steps[2]:calculated_fields,calculated_fields
f00709,investment.fund_performance,calendar_year,contract,reference.investment_calendar,calendar_year,steps[3]:data_enrichment,data_enrichment
f00710,investment.fund_performance,calendar_quarter,contract,reference.investment_calendar,calendar_quarter,steps[3]:data_enrichment,data_enrichment
f00711,investment.fund_performance,calendar_quarter_label,contract,reference.investment_calendar,calendar_quarter_label,steps[3]:data_enrichment,data_enrichment
f00712,investment.fund_performance,calendar_is_quarter_end,contract,reference.investment_calendar,calendar_is_quarter_end,steps[3]:data_enrichment,data_enrichment
f00713,investment.fund_performance,benchmark_index_value,contract,reference.benchmark_index,benchmark_index_value,steps[3]:data_enrichment,data_enrichment
f00714,investment.fund_performance,benchmark_label,contract,reference.benchmark_index,benchmark_label,steps[3]:data_enrichment,data_enrichment
f00715,investment.fund_performance,fund_department_code,contract,reference.fund_department,fund_department_code,steps[3]:data_enrichment,data_enrichment
f00716,investment.legal_vehicle_canonical,vehicle_id,field,investment.legal_vehicle_canonical,vehicle_business_key,steps[2]:schema_transform,schema_transform
f00717,investment.legal_vehicle_canonical,lei,field,investment.legal_vehicle_canonical,vehicle_lei,steps[2]:schema_transform,schema_transform
f00718,investment.legal_vehicle_canonical,vehicle_name,field,investment.legal_vehicle_canonical,vehicle_name,steps[2]:schema_transform,schema_transform
f00719,investment.legal_vehicle_canonical,vehicle_type,field,investment.legal_vehicle_canonical,vehicle_type,steps[2]:schema_transform,schema_transform
f00720,investment.legal_vehicle_canonical,jurisdiction,field,investment.legal_vehicle_canonical,vehicle_jurisdiction,steps[2]:schema_transform,schema_transform
f00721,investment.legal_vehicle_canonical,incorporation_date,field,investment.legal_vehicle_canonical,vehicle_incorporated_on,steps[2]:schema_transform,schema_transform
f00722,investment.legal_vehicle_canonical,investment_id,field,investment.legal_vehicle_canonical,vehicle_fund_business_key,steps[2]:schema_transform,schema_transform
f00723,investment.deal_vault,deal_record_id,field,investment.deal_vault,source_record_id,steps[2]:schema_transform,schema_transform
f00724,investment.deal_vault,deal_name,field,investment.deal_vault,source_name,steps[2]:schema_transform,schema_transform
f00725,investment.deal_vault,deal_strategy,field,investment.deal_vault,source_strategy,steps[2]:schema_transform,schema_transform
f00726,investment.deal_vault,deal_originating_team,field,investment.deal_vault,source_originating_team,steps[2]:schema_transform,schema_transform
f00727,investment.deal_vault,deal_channel,field,investment.deal_vault,source_channel,steps[2]:schema_transform,schema_transform
f00728,investment.deal_vault,deal_sourced_on,field,investment.deal_vault,source_sourced_on,steps[2]:schema_transform,schema_transform
f00729,investment.deal_vault,deal_structure,field,investment.deal_vault,source_structure,steps[2]:schema_transform,schema_transform
f00730,investment.deal_vault,deal_converted_record_type,field,investment.deal_vault,source_converted_record_type,steps[2]:schema_transform,schema_transform
f00731,investment.deal_vault,deal_company_business_key,field,investment.deal_vault,company_business_key,steps[2]:schema_transform,schema_transform
f00732,investment.deal_vault,deal_fund_business_key,field,investment.deal_vault,fund_business_key,steps[2]:schema_transform,schema_transform
f00733,investment.deal_vault,deal_external_identity,contract,reference.deal_identity,deal_external_identity,steps[3]:data_enrichment,data_enrichment
f00734,investment.fund_performance_summary,fund_business_key,field,investment.fund_performance_summary,fund_business_key,steps[3]:data_aggregation,data_aggregation
f00735,investment.fund_performance_summary,calendar_year,field,investment.fund_performance_summary,calendar_year,steps[3]:data_aggregation,data_aggregation
f00736,investment.fund_performance_summary,fund_external_id,field,investment.fund_performance_summary,fund_external_id,steps[3]:data_aggregation,data_aggregation
f00737,investment.fund_performance_summary,source_name,field,investment.fund_performance_summary,source_name,steps[3]:data_aggregation,data_aggregation
f00738,investment.fund_performance_summary,source_strategy,field,investment.fund_performance_summary,source_strategy,steps[3]:data_aggregation,data_aggregation
f00739,investment.fund_performance_summary,fund_valuation_count,expression,investment.fund_performance_summary,count(*),steps[3]:data_aggregation,data_aggregation
f00740,investment.fund_performance_summary,fund_closing_nav_usd,field,investment.fund_performance_summary,source_nav_usd,steps[3]:data_aggregation,data_aggregation
f00741,investment.fund_performance_summary,fund_called_capital_usd,field,investment.fund_performance_summary,source_called_capital_usd,steps[3]:data_aggregation,data_aggregation
f00742,investment.fund_performance_summary,fund_distributed_capital_usd,field,investment.fund_performance_summary,source_distributed_capital_usd,steps[3]:data_aggregation,data_aggregation
f00743,investment.fund_performance_summary,fund_invested_capital_usd,field,investment.fund_performance_summary,fund_invested_capital_usd,steps[3]:data_aggregation,data_aggregation
f00744,investment.fund_performance_summary,fund_total_value_usd,field,investment.fund_performance_summary,fund_total_value_usd,steps[3]:data_aggregation,data_aggregation
f00745,investment.deal_canonical,deal_id,field,investment.deal_canonical,deal_business_key,steps[2]:schema_transform,schema_transform
f00746,investment.deal_canonical,deal_name,field,investment.deal_canonical,deal_name,steps[2]:schema_transform,schema_transform
f00747,investment.deal_canonical,target_entity_id,field,investment.deal_canonical,deal_target_company_external_id,steps[2]:schema_transform,schema_transform
f00748,investment.deal_canonical,strategy,field,investment.deal_canonical,deal_strategy,steps[2]:schema_transform,schema_transform
f00749,investment.deal_canonical,originating_team,field,investment.deal_canonical,deal_originating_team,steps[2]:schema_transform,schema_transform
f00750,investment.deal_canonical,source_channel,field,investment.deal_canonical,deal_channel,steps[2]:schema_transform,schema_transform
f00751,investment.deal_canonical,structure,field,investment.deal_canonical,deal_structure,steps[2]:schema_transform,schema_transform
f00752,investment.deal_canonical,converted_record_type,field,investment.deal_canonical,deal_converted_record_type,steps[2]:schema_transform,schema_transform
f00753,investment.deal_canonical,converted_record_id,field,investment.deal_canonical,deal_converted_fund_external_id,steps[2]:schema_transform,schema_transform
f00754,investment.deal_decision_queue,deal_name,contract,investment.deal_vault,deal_name,steps[2]:data_enrichment,data_enrichment
f00755,investment.deal_decision_queue,deal_strategy,contract,investment.deal_vault,deal_strategy,steps[2]:data_enrichment,data_enrichment
f00756,investment.deal_decision_queue,deal_originating_team,contract,investment.deal_vault,deal_originating_team,steps[2]:data_enrichment,data_enrichment
f00757,investment.deal_review_worklist,decision_outcome,contract,investment.deal_decision_current,decision_outcome,steps[2]:data_enrichment,data_enrichment
f00758,investment.deal_review_worklist,decision_actor,contract,investment.deal_decision_current,decision_actor,steps[2]:data_enrichment,data_enrichment
f00759,investment.deal_review_worklist,decision_decided_at,contract,investment.deal_decision_current,decision_decided_at,steps[2]:data_enrichment,data_enrichment
f00760,investment.deal_review_worklist,decision_is_final,contract,investment.deal_decision_current,decision_is_final,steps[2]:data_enrichment,data_enrichment
f00761,investment.deal_review_worklist,stage_value_code,contract,reference.deal_stage_current,stage_value_code,steps[2]:data_enrichment,data_enrichment
f00762,investment.deal_review_worklist,classification_sort_order,contract,reference.deal_stage_current,classification_sort_order,steps[2]:data_enrichment,data_enrichment
f00763,investment.deal_review_worklist,deal_awaiting_decision,field,investment.deal_review_worklist,decision_is_final,steps[3]:calculated_fields,calculated_fields
f00764,investment.deal_review_worklist,deal_decision_state,field,investment.deal_review_worklist,decision_outcome,steps[3]:calculated_fields,calculated_fields
